:020000040000FA
:100000000C94E9040C941A050C941A050C941A0526
:100010000C941A050C941A050C941A050C941A05E4
:100020000C941A050C941A050C941A050C941A05D4
:100030000C941A050C941A050C941A050C941A05C4
:100040000C941A050C941A050C941A050C941A05B4
:100050000C941A050C941A050C941A050C94571C50
:100060000C941A050C94C71D0C949D1D0C941A0534
:100070000C941A050C941A050C941A050C941A0584
:100080000C941A050C941A050C941A050C941A0574
:100090000C94731D0C94491D0C941A050C941A05AC
:1000A0000C941A050C941A050C941A050C941A0554
:1000B0000C941A050C941A050C941A050C941A0544
:1000C0000C941A050C941A050C941A050C941F1D17
:1000D0000C94F51C0C941A050C94CB1C0C94A11CCC
:1000E0000C941A050C94BE190C94A3050C941427B7
:1000F0000C94970E0C948D110C9493050C94810D17
:100100000C9497120C947E050C94F11D0C94B2275C
:100110000C947C110C9425270C94FC160C94B105BE
:100120000C94DE0B0C94A6270C94D72A0C949A27D7
:100130000C94F5070C94280F0C949D050C94D42A6C
:100140000C943C1A0C9440160C94850B0C94700C77
:100150000C94DC170C9464110C9430110C94DB1A81
:100160000C9419270C94C3050C94EC2A0C94F80BEE
:100170000C941F2B0C94DF0C0C94B60E0C94B80D41
:100180000C948E270C94F50B0C94CB2A0C94520FE4
:100190000C94D12A0C9411100C94E32A0C94EF2A9D
:1001A0000C943C0C0C9459270C9437070C94A7051D
:1001B0000C9490050C9439280C94890C0C944527C8
:1001C0000C94F20B0C94090F0C94E92A0C94CF06B2
:1001D0000C945D0F0C948F1A0C9431270C943D1ED7
:1001E0000C94470F0C94F60E0C9454080C941407BE
:1001F0000C94FC0F0C94A40D0C94670D0C94470DFB
:100200000C94AB050C944D270C9424110C94880588
:100210000C94B00F0C940F270C94DA2A0C94DD2A5E
:100220000C94E02A0C94D40C0C943C100C9482276F
:100230000C946D1A0C943C0F0C943D270C94CE2A10
:100240000C9424070C945A110C94B5050C94BF051A
:100250000C94FA180C9499050C94B00C0C94441C52
:100260000C9445070C9486110C94BA0B0C948C05D5
:100270000C942A0E0C94680F0C9465270C94F112C0
:100280000C940B0E0C94140F0C9471270C942412E4
:100290000C94BE270C9425100C94C5180C94260FB2
:1002A0000C94B9050C94BE050C94E62A0C946D18B8
:1002B0000C9484050C941C2B0C9426123E3E3E207C
:1002C000496F54205761746368646F672041776198
:1002D0006B656E0000C0C101C30302C2C60607C73A
:1002E00005C5C404CC0C0DCD0FCFCE0E0ACACB0B66
:1002F000C90908C8D81819D91BDBDA1A1EDEDF1F96
:10030000DD1D1CDC14D4D515D71716D6D21213D385
:1003100011D1D010F03031F133F3F23236F6F73735
:10032000F53534F43CFCFD3DFF3F3EFEFA3A3BFB25
:1003300039F9F83828E8E929EB2B2AEAEE2E2FEFD5
:100340002DEDEC2CE42425E527E7E62622E2E32345
:10035000E12120E0A06061A163A3A26266A6A76775
:10036000A56564A46CACAD6DAF6F6EAEAA6A6BABE5
:1003700069A9A86878B8B979BB7B7ABABE7E7FBF15
:100380007DBDBC7CB47475B577B7B67672B2B37305
:10039000B17170B0509091519353529296565797B5
:1003A000559594549C5C5D9D5F9F9E5E5A9A9B5BA5
:1003B00099595898884849894B8B8A4A4E8E8F4F55
:1003C0008D4D4C8C448485458747468682424383C5
:1003D0004181804000C1814001C0804101C0804115
:1003E00000C1814001C0804100C1814000C1814005
:1003F00001C0804101C0804100C1814000C18140F5
:1004000001C0804100C1814001C0804101C08041E4
:1004100000C1814001C0804100C1814000C18140D4
:1004200001C0804100C1814001C0804101C08041C4
:1004300000C1814000C1814001C0804101C08041B4
:1004400000C1814001C0804100C1814000C18140A4
:1004500001C0804101C0804100C1814000C1814094
:1004600001C0804100C1814001C0804101C0804184
:1004700000C1814000C1814001C0804101C0804174
:1004800000C1814001C0804100C1814000C1814064
:1004900001C0804100C1814001C0804101C0804154
:1004A00000C1814001C0804100C1814000C1814044
:1004B00001C0804101C0804100C1814000C1814034
:1004C00001C0804100C1814001C0804101C0804124
:1004D00000C181405B537472696E67205370616321
:1004E00065204E4F54204F4B5D005B537472205378
:1004F00070616365204F4B5D00466F7263652050ED
:1005000075626C6973683A000041542B514D544F29
:1005100050454E3D302C696F742E7265632D6774A3
:100520002E636F6D2C3138383000466F7263652052
:100530004F70656E3A004F50454E00464F5243454E
:1005400000524553455400000000200023002600BF
:1005500029002C002F0032000001000003010601D9
:1005600009015D002C002C002C005B005D002C00BC
:100570002C002C002C002C002C002C002C002C001B
:100580002C002C005B0000002B514D545055423A7A
:1005900020302C312C30002B514D545055423A20F4
:1005A000302C302C30002B514D5450554245583A88
:1005B00020302C312C30002B514D54505542455891
:1005C0003A20302C302C30003E0041542B43535104
:1005D0000041542B4350494E3F003E3E3E20517552
:1005E000657279204350494E2026204353510030F4
:1005F0002C310031002B514D545355423A20302CB0
:10060000312C302C30002B514D54434F4E4E3A205C
:10061000302C302C30002B514D544F50454E3A2049
:10062000302C300041542B514D544F50454E3D30ED
:100630002C382E3231302E38342E32342C3138389A
:10064000300041542B514D544F50454E3D302C6994
:100650006F742E7265632D67742E636F6D2C313845
:1006600038300041542B43455245473F0041542BFD
:1006700043474154543F0041542B4353510041548C
:100680002B4347534E3D310041542B514D54444967
:1006900053433D300041542B514D54434C4F53452F
:1006A0003D300041542B4345445258533D302C3586
:1006B0000041542B4353434F4E3D300041542B4394
:1006C00050534D533D300041542B5153434C4B3DFF
:1006D000300041542B4346554E3D310041542B517F
:1006E00049444E534346473D302C312E312E312E56
:1006F000312C3232332E352E352E350041542B51CC
:1007000053434C4B3D300041542B4346554E3D31F5
:10071000003E3E3E20494F5420434F4E4E454354E9
:10072000494F4E20494E495400415449003E3E3EF7
:1007300020494F542053455249414C204641494C91
:10074000210029003E3E3E20494F54205345524946
:10075000414C2050524F42452E2E2E20280041540D
:100760002B5153434C4B3D300041544530003E3EED
:100770003E2046494E495348204841524457415231
:100780004520524553455400524459000000000092
:10079000000000000000003E3E3E20494F54204D26
:1007A0004F44554C4520494E49542C205245534501
:1007B00054002B4350494E3A204E4F54205245414D
:1007C0004459002B434D45204552524F52002B5166
:1007D000495552433A202270647064656163742203
:1007E0002C31002B514D54524543563A2000302CA9
:1007F00031002B43455245473A20302C310031001F
:100800002B43474154543A2031002B4353513A2053
:10081000002F6F75742C300041542B514D5453559B
:10082000423D302C312C7267742F002C7473776822
:100830002C31576F3D5B367641306D0041542B5162
:100840004D54434F4E4E3D302C6465765F002B4334
:1008500047534E3A200000002100240027002A00C0
:100860002D003000330001010000040107010A01DE
:1008700000002200250028002B002E00310034004B
:1008800002010000050108010B010505050507052A
:1008900008080808020202020A0A080804040404FC
:1008A0000101010101010101030303030303030328
:1008B000040707070C0C0C0C0C0C0C0C02020202B7
:1008C00006060606060606060B0B0B0B0B0B0B0BA0
:1008D0000102102020080810204010204080020152
:1008E0000201080402010102040810204080804037
:1008F0002010080402018004020180402010080436
:1009000002010804020101020408102040800102D3
:1009100004081020408000000A0B02090C0D0E088C
:1009200007030401000000000000000000000000B8
:1009300000000000000000000000000000000000B7
:100940000000121110000000000000000000000074
:100950000000000000000000000000005D002C000E
:100960005B005D002C005B002F696E2C0041542B56
:10097000514D5450554245583D302C312C322C307D
:100980002C7267742F0041542B514D545055423DE9
:10099000302C312C322C302C7267742F007D0022C9
:1009A000616F7574223A002C002261696E223A0050
:1009B0002C0022646F7574223A002C002264696E48
:1009C000223A002C007B22637371223A00003D1E04
:1009D000F11D11241FBECFEFD1E2DEBFCDBF00E07D
:1009E0000CBF17E0A0E0B2E0EEEAFFE600E00BBFCC
:1009F00002C007900D92AA34B107D9F724E1AAE406
:100A0000B7E001C01D92A83AB207E1F714E0C8EEC2
:100A1000D4E000E006C021970109802FFE010E946A
:100A2000D932C73ED10780E00807A9F70E946223A8
:100A30000C94C5370C94000020919D0E30919E0EB1
:100A4000121613065CF48091950E9091960E97FD08
:100A500005C08230910534F004971CF16FEF7FEFF1
:100A6000CB010895E0919B0EF0919C0E80919F0E1A
:100A70009091A00EE80FF91F608170E090E080E097
:100A80002150310930939E0E20939D0E20919F0E90
:100A90003091A00E2F5F3F4F3093A00E20939F0EFA
:100AA000089580919F0E9091A00E880F991FE0915C
:100AB0009B0EF0919C0EE80FF91F60817181DECFD3
:100AC0008150823108F05AC0E82FF0E08827E459BD
:100AD000FA4F8F4F0C94D9328C0590057E05840512
:100AE0008805BE05930599059D05A305A705AB05DA
:100AF000B105B505BE05B905BF05C30580918000E8
:100B00008F77809380000895809180008F7DF9CF4A
:100B100080918000877FF5CF84B58F7784BD08955D
:100B200084B58F7DFBCF8091B0008F778093B0002C
:100B300008958091B0008F7DF9CF809190008F77DC
:100B4000809390000895809190008F7DF9CF8091DF
:100B50009000877FF5CF8091A0008F778093A000D1
:100B600008958091A0008F7DF9CF8091A000877FAC
:100B7000F5CF809120018F77809320010895809197
:100B800020018F7DF9CF80912001877FF5CF1F93C2
:100B9000CF93DF93282F30E0F901EA5EF64F84917E
:100BA000F901E053F74FD491F901E657F74FC4919B
:100BB000CC23A9F0162F81110E946005EC2FF0E0E4
:100BC000EE0FFF1FE059F74FA591B4918FB7F8943E
:100BD000EC91111108C0D095DE23DC938FBFDF911B
:100BE000CF911F910895DE2BF8CFCF93DF9390E044
:100BF000FC01E053F74F24918657974FFC018491F5
:100C00008823C9F090E0880F991FFC01EA5AF74F3A
:100C1000A591B491FC01E059F74FC591D4916111B0
:100C20000DC09FB7F8948C91209582238C93888176
:100C3000282328839FBFDF91CF910895623051F41C
:100C40009FB7F8943C91822F809583238C93E88101
:100C50002E2BEFCF8FB7F894EC912E2B2C938FBFC8
:100C6000EACF863308F0865320917B00982F987046
:100C7000277F922B90937B008770806480937C0009
:100C800080917A00806480937A0080917A0086FD5A
:100C9000FCCF809178009091790008958230910581
:100CA00038F0880F991F880F991F05970197F1F762
:100CB00008953FB7F8948091980790919907A09173
:100CC0009A07B0919B0726B5A89B05C02F3F19F046
:100CD0000196A11DB11D3FBFBA2FA92F982F8827BC
:100CE000BC01CD01620F711D811D911D42E0660F97
:100CF000771F881F991F4A95D1F708958F929F9269
:100D0000AF92BF92CF92DF92EF92FF926B017C0184
:100D10000E9459064B015C01C114D104E104F104A5
:100D2000B9F00E945906681979098A099B09683E39
:100D300073408105910580F321E0C21AD108E108D2
:100D4000F10888EE880E83E0981EA11CB11CE4CF48
:100D5000FF90EF90DF90CF90BF90AF909F908F90DB
:100D600008952FB7F894609194077091950780913A
:100D70009607909197072FBF0895FC012481358134
:100D80006217730748F480819181009729F0860FDC
:100D9000971FFC018081089580E008950895AF9227
:100DA000BF92CF92DF92EF92FF920F931F93CF9358
:100DB000DF936C017B018B01040F151FEB015E01BA
:100DC000AE18BF08C017D10759F06991D601ED914F
:100DD000FC910190F081E02DC6011995892B79F7DE
:100DE000C501DF91CF911F910F91FF90EF90DF90A0
:100DF000CF90BF90AF900895FC01A089B1898C91EC
:100E0000A689B78982FD0EC09C91818D8F5F228D4E
:100E1000821749F0A18DAE0FBF2FB11D5D969C9337
:100E2000818F08958C910895FC01538D448D252F59
:100E300030E0842F90E0821B930B541718F0815000
:100E40009F4F089501970895FC01918D828D981709
:100E500059F0A28DAE0FBF2FB11D5D968C91928D72
:100E60009F5F928F90E008958FEF9FEF0895FC01B0
:100E7000918D828D981731F0828DE80FF11D858D4F
:100E800090E008958FEF9FEF0895FC01918D828D82
:100E9000981B892F90E0089587EA9EE00E944507FD
:100EA00021E0892B09F420E0822F08958EE997E054
:100EB0000E94450721E0892B09F420E0822F089544
:100EC0008BEB99E00E94450721E0892B09F420E093
:100ED000822F089589E09CE00E94450721E0892B3C
:100EE00009F420E0822F0895CF92DF92EF92FF92D3
:100EF0001F93CF93DF93EC016A017B01122FE889E6
:100F0000F98982E08083C11481EED806E104F104FE
:100F1000A1F060E079E08DE390E0A70196010E94E6
:100F20009432215031094109510956954795379519
:100F30002795211580E1380798F0E889F989108212
:100F400060E874E88EE190E0A70196010E94943277
:100F500021503109410951095695479537952795F3
:100F6000EC85FD853083EE85FF852083188EEC8926
:100F7000FD891083EA89FB89808180618083EA8909
:100F8000FB89808188608083EA89FB898081806811
:100F90008083EA89FB8980818F7D8083DF91CF9177
:100FA0001F91FF90EF90DF90CF900895FC01A48DEA
:100FB000A80FB92FB11DA35EBE4F9C91848D8F5F8A
:100FC000848FA689B7899C93A089B1898C918370FD
:100FD00080648C93938D848D981306C00288F38966
:100FE000E02D80818F7D808308950F931F93CF9391
:100FF000DF93EC0181E0888F9B8D8C8D981318C056
:10100000E889F989808185FF13C09FB7F894EE893C
:10101000FF896083E889F989808183708064808397
:101020009FBF81E090E0DF91CF911F910F910895D4
:10103000062F1B8D1F5F8C8D81130CC00FB607FC14
:10104000FACFE889F989808185FFF5CFCE010E942A
:10105000D607F1CFEB8DEC0FFD2FF11DE35EFE4FB8
:1010600000839FB7F8941B8FEA89FB898081806297
:10107000D6CF0F931F93CF93DF938C01D0E0C0E0C6
:10108000F801EC0FFD1F6491662341F089E09CE0BC
:101090000E94F507892B11F02196F2CFCE01DF9146
:1010A000CF911F910F910895CF93DF93EC01888D1D
:1010B0008823B9F0AA89BB89E889F9898C9185FDD3
:1010C00003C0808186FD0DC00FB607FCF7CF8C9161
:1010D00085FFF2CF808185FFEDCFCE010E94D6073C
:1010E000E9CFDF91CF91089580E090E0892B29F03E
:1010F0000E946A0781110E94000080E090E0892B25
:1011000029F00E94600781110E94000080E090E0B9
:10111000892B29F00E94560781110E94000080E06F
:1011200090E0892B29F00E944C0781110C9400005B
:101130000895009741F0DC015896ED91FC9104A0D0
:10114000F5A1E02D19940895009741F0DC0158961F
:10115000ED91FC91068CF78DE02D19940895009780
:1011600041F0DC015896ED91FC91048CF58DE02D59
:10117000199486E190E090939D1480939C148FEFD6
:101180009FEF0895009741F0DC015896ED91FC9196
:1011900000A0F1A1E02D199486E190E090939D14B8
:1011A00080939C148FEF9FEF0895CF93DF93EC0112
:1011B000288539854A855B85A8EEB3E00E9489328F
:1011C0000E947E068C859D85DF91CF910C944E0602
:1011D0002F923F924F925F926F927F928F929F9247
:1011E000AF92BF92CF92DF92EF92FF920F931F9335
:1011F000CF93DF9300D000D000D01F92CDB7DEB7E1
:101200007C013B012A01DC015896ED91FC91599734
:10121000028113810F5F1F4F312C212C452BB1F020
:1012200018968D919D910D90BC91A02D89839A83E4
:10123000AB83BC83F70184859585A685B7858D83AF
:101240009E83AF83B887CE0101961C01D12CC12C9F
:10125000912C812CD7015896ED91FC910115110527
:1012600049F4008CF18DE02DA401B301C70119955B
:101270005C0129C002A0F3A1E02D9801A101BE01EB
:10128000675F7F4FC70119955C01D7019FEFA916D2
:10129000B906F1F516968C9181FD04C0AA24AA9492
:1012A000BA2C11C000919C1410919D1404371105A3
:1012B00021F5C7010E94D508C7010E94C2081093FA
:1012C0009D1400939C14C5012A960FB6F894DEBFB6
:1012D0000FBECDBFDF91CF911F910F91FF90EF9087
:1012E000DF90CF90BF90AF909F908F907F906F9046
:1012F0005F904F903F902F900895023FBDE21B07F3
:10130000F1F6C7010E94A408C7010E94AF08D7CF19
:101310005896ED91FC910688F789E02DA801B3015C
:10132000680D791DC70119956115710509F582EFE1
:101330009DE290939D1480939C14F701868181FF18
:10134000ADCF00919C1410919D14023FFDE21F0748
:1013500021F00F36110509F0A1CFC7010E94A408A2
:10136000C7010E94AF0810939D1400939C1496CF60
:101370006F3F760711F3860E971E061B170B09F0B9
:1013800099C0D7015896ED91FC91C114D10441F058
:10139000CA94CD2809F457C082E0C82ED12C5ACF68
:1013A000A281B381A60DB71D8C9141145104B9F4EB
:1013B00090E087309105D4F09C012F503109223004
:1013C000310508F47CC08631910509F47EC0479749
:1013D000D1F5CC24C394D12C09E010E015C08131A3
:1013E00058F48F3018F48550823048F4CC24C394DC
:1013F000D12C04E010E008C0863109F466C0CC248A
:10140000C394D12C01E010E0F70140895189628931
:10141000738984899589A689B78941155105610524
:10142000710529F40097A105B10509F413CF49838B
:101430005A836B837C838D839E83AF83B887CE0171
:1014400001961C0107CFA281B381A60DB71D8C9117
:101450004114510401F58F3020F08131A8F087311B
:10146000B9F084819581080F191F9401200F311F55
:101470008681978182179307D4F48FEE9BE2909335
:101480009D1480939C140ACF15960C9110E0E9CF1F
:1014900019960C91FBCF90E0853091052CF08131AD
:1014A000910511F04797E9F611960C91EFCF52E0B4
:1014B000C52ED12C101611060CF4A6CFCBCECC2401
:1014C000C394D12C05E010E09FCFCC24C394D12C41
:1014D00006E010E099CFAF92BF92CF92DF92EF92E9
:1014E000FF920F931F93CF93DF93EC017B01E88D65
:1014F000F98D0088F189E02DBA01C70119958C0199
:10150000E88DF98D0288F389E02DA801B701CE019D
:1015100019956B018FEFC816D806C9F48E8181FF2B
:1015200016C0A0909C14B0909D1482EFA8168DE276
:10153000B80679F5CE010E94A408CE010E94D50814
:10154000CE010E94AF08B0929D14A0929C148E818F
:1015500081FF04C08FEFC816D80691F21C141D0439
:1015600064F40C151D0549F08FEE9BE290939D14D9
:1015700080939C14CC24CA94DC2CC601DF91CF91BB
:101580001F910F91FF90EF90DF90CF90BF90AF90A1
:101590000895CE010E94D508CE010E94C208D3CF83
:1015A0005F926F927F928F929F92AF92BF92CF92F3
:1015B000DF92EF92FF920F931F93CF93DF93CDB7FC
:1015C000DEB7C051D1400FB6F894DEBF0FBECDBF1D
:1015D0006C01642E552EDC015896ED91FC9102842D
:1015E000F385E02D8E010B5F1E4F22E030E050E0CE
:1015F00040E01995AC01B801C6010E946B0A7C015C
:1016000018161906D4F541E050E0BE016F5F7F4F18
:10161000C6010E94E8085C018F3F980721F4EE2480
:10162000EA94FE2C2AC0D6015896ED91FC910281D5
:10163000138188248394912C8C0E9D1E800E911E04
:10164000D4017C90028CF38DE02D309771F19C01D8
:10165000AE014F5F5F4FBE016B5F7E4FC6011995B4
:101660007C01019611F5F601868182FFD8CFC60173
:101670000E94D508C6010E94C208C701C05FDE4FA4
:101680000FB6F894DEBF0FBECDBFDF91CF911F9193
:101690000F91FF90EF90DF90CF90BF90AF909F9011
:1016A0008F907F906F905F900895F601A08DB18D1F
:1016B00012964D915C911397E5E0F1E0EC0FFD1F60
:1016C000E40FF51FE081E150E73108F08BC0F0E056
:1016D0008827E259F44F8F4F0C94D932BA0BBA0BCA
:1016E000DE0BDE0BF20BF20B850BF20BF20BF20BA7
:1016F000F20BF20BF20BF20BF20BF20BF80BF20BFC
:10170000F20BF20BF20BF50BDE0B83E090E0840F93
:10171000951F14966D917C911597860F971F77FEF4
:101720006DC014968D919C91800F911F0296A81602
:10173000B90609F060C0E5E0F1E0EC0FFD1FE00F35
:10174000F11F2081D4018C918058990B281719061C
:1017500009F051C0FE01E00FF11F828190E08C3052
:1017600091050CF048C08E51944D90939D14809338
:101770009C1455CFE8E0F1E0EC0FFD1FE40FF51FDE
:101780002081E9E0F1E0EC0FFD1FE40FF51F8081FF
:10179000322F282FC90137FD079663E0959587956D
:1017A0006A95E1F702962770332761E070E0232BFA
:1017B00011F470E060E0860F971FA9CFE8E0F1E038
:1017C000EC0FFD1FE40FF51F8081E9E0F1E0EC0F65
:1017D000FD1FE40FF51F6081982F862F0196880F5B
:1017E000991F95CF85E090E092CF87E090E08FCF72
:1017F0008FEF9FEF94CF80EF9BE2B7CFA816B9068B
:1018000011F0019649F4E5E0F1E0EC0FFD1FE00F67
:10181000F11F8081781669F0F601868182FF06C08B
:10182000C6010E94D508C6010E94C2088FEE9BE245
:101830009CCFEFEFE70DE73108F0B6C0F0E0882766
:10184000EB5DF34F8F4F0C94D9323C0C3C0C700C79
:10185000700CD40CD40CD40CD40CD40CD40CD40CEC
:10186000D40CD40CD40C890C890CB00CD40CD40C32
:10187000D40CD40CD40C700CE8E0F1E0EC0FFD1F9C
:10188000E00FF11F2081822F90E0982F8827E9E058
:10189000F1E0EC0FFD1FE00FF11F2081280F392F21
:1018A000311DC90137FD0796E3E095958795EA95C7
:1018B000E1F72770332761E070E0232B11F470E02B
:1018C00060E0860F971FFE01E00FF11FE280F12C10
:1018D0008E159F0509F46EC0D60116968C919ECF89
:1018E000E8E0F1E0EC0FFD1FE00FF11F808190E0D8
:1018F000982F8827E9E0F1E0EC0FFD1FE00FF11FC2
:101900002081820F911DFE01E00FF11FE280E6941D
:10191000DECF98012D5F3F4F0C5F1F4FE5E0F1E0F8
:10192000EC0FFD1FE20FF31F808190E0982F8827B6
:10193000E5E0F1E0EC0FFD1FE00FF11F6081860F85
:10194000911D61E070E06C0F7D1F260F371FD901DC
:10195000EC90060F171FF8012081FE2CE22EB8CF65
:10196000FE01E00FF11FE280F12CE62DF52D90E055
:1019700080E021E030E02C0F3D1F420F531F8E15F9
:101980009F050CF07ACEDC01AA0FBB1FA40FB51F78
:1019900012962C91129713963C91232732272327D6
:1019A000219331930196EBCFEE24E394F12C81E067
:1019B00090E08ECFFFEFEF16FF06B9F630CE6F92B4
:1019C0007F928F929F92AF92BF92CF92DF92EF92CF
:1019D000FF920F931F93CF93DF93FA018901DC01EC
:1019E0005A966D907C90C12CD12C76013097C1F025
:1019F0002081318142815381A8EEB3E00E94893277
:101A00006B017C01648175818681978128EE33E0CA
:101A100040E050E00E949432C20ED31EE41EF51E38
:101A20000E94B1064B015C01F30186819781DC01C4
:101A3000ED91FC910084F185E02D1995EC01801762
:101A400091075CF40E94B106681979098A099B091B
:101A50006C157D058E059F0538F3209741F484E7CA
:101A600090E090939D1480939C14CFEFDFEFCE0114
:101A7000DF91CF911F910F91FF90EF90DF90CF906A
:101A8000BF90AF909F908F907F906F900895CF936D
:101A9000DF93DC015A96CD91DC918E819F81DC0130
:101AA000ED91FC910084F185E02D1995892B51F081
:101AB0008E819F81DC01ED91FC910284F385E02D04
:101AC0001995EBCF90E080E0DF91CF910895CF930F
:101AD000DF93DC015A96CD91DC91EE81FF81828902
:101AE000938997FD03C061E00E94C7058E819F81A5
:101AF000DC01ED91FC910688F789E02DDF91CF9113
:101B00001994CF93DF93DC015A96CD91DC918E81AD
:101B10009F812C813D81488159816A817B81DC01D3
:101B2000ED91FC910088F189E02D1995EE81FF81FE
:101B30008289938997FD03C060E00E94C70590E009
:101B400080E0DF91CF910895FB018081FA019081BF
:101B5000891759F0882349F083EF9BE290939D14F5
:101B600080939C148FEF9FEF089590E080E008959C
:101B70008F929F92AF92BF92CF92DF92EF92FF929D
:101B80000F931F93CF93DF936A01DC015A96ED9177
:101B9000FC91068117817B01D0E0C0E0CC15DD050A
:101BA00028F50E94B106F8016087718782879387C4
:101BB000D801ED91FC910284F385E02DC8011995BF
:101BC00097FF24C00E94B106F80180849184A2840A
:101BD000B384681979098A099B0984809580A68055
:101BE000B780681579058A059B0510F3BE0190E062
:101BF00080E0DF91CF911F910F91FF90EF90DF90E8
:101C0000CF90BF90AF909F908F900895D7018D9304
:101C10007D012196C3CFCF93DF93FC01C28DD38D7D
:101C200028853985232B59F041E050E00E94E808CF
:101C30001986188690E080E0DF91CF91089550E0FA
:101C400040E00E94E8080097B9F721E030E03987CA
:101C50002887F2CFCF92DF92EF92FF920F931F93DC
:101C6000CF93DF937B016A01DC015A96CD91DC9121
:101C7000EE81FF818289938997FD03C061E00E9414
:101C8000C7050E811F81F8018089918997FD0BC0DE
:101C900061E00E94C705D80154968D919C910097F0
:101CA00011F00E944E0681E0F801808F8E819F81A5
:101CB000DC01ED91FC910280F381E02DA601B701DA
:101CC00019956C01F12CE12C0E811F81F80184859E
:101CD0009585DC01ED91FC910680F781E02D199549
:101CE000F8018089918997FD0CC0868997890097B2
:101CF00011F00E944E0660E0D80150968C910E942F
:101D0000C705F801108EEE81FF818289938997FDC6
:101D100003C060E00E94C705C701B601DF91CF9103
:101D20001F910F91FF90EF90DF90CF900895FB01EE
:101D30008081918102979183808390E080E0089573
:101D4000DC01680F791F8FEF9FEFA617B70769F0C7
:101D50002D91292730E0F901EC52FC4F94919827FE
:101D6000F901EC52FD4F8491F0CF0895EF92FF926C
:101D70000F931F93CF93DF937C01EB018A0188813E
:101D800090E0F701208131812817390711F0892B64
:101D900051F5B80162507109CE010E94A00EC00F2A
:101DA000D11FFE01329720812197388123273227C6
:101DB00023278217930779F0F701868182FF03C0FA
:101DC000C7010E94470D8EEE9BE290939D14809375
:101DD0009C140FEF1FEFC801DF91CF911F910F915E
:101DE000FF90EF90089510E000E0F5CF0F931F9360
:101DF000CF93DF93EC018B010E94A00EC00FD11F87
:101E000098838983C8010296DF91CF911F910F912A
:101E10000895FC012081FB012083FC018281FB01EC
:101E2000818382E090E00895683F710530F4FC0101
:101E30007183608390E080E0089586E190E0909364
:101E40009D1480939C148FEF9FEF089581E0089577
:101E5000FC01808D882349F084859585DC01ED9116
:101E6000FC910190F081E02D199481E090E0938342
:101E7000828390E080E00895DC011C968D919C9116
:101E8000DC01ED91FC910680F781E02D1994DC01D5
:101E90001C968D919C91DC01ED91FC910284F3855F
:101EA000E02D1994DC011C968D919C91DC01ED9143
:101EB000FC910484F585E02D1994DC011C968D912C
:101EC0009C91DC01ED91FC910084F185E02D199449
:101ED0000F931F93CF93DF938C01FC01C485D585AD
:101EE000E881F9810680F781E02DCE011995EA8914
:101EF000FB8980818F7E8083EA89FB898081877F4F
:101F00008083EA89FB8980818F778083EA89FB89D6
:101F100080818F7D80838A8D898FF8018089918966
:101F200097FD08C060E00E94C70560E0F801808965
:101F30000E94F505F8018289938997FD0CC060E045
:101F40000E94C70560E0F8018289DF91CF911F915F
:101F50000F910C94F505DF91CF911F910F9108958A
:101F60008F929F92AF92BF92DF92EF92FF920F9368
:101F70001F93CF93DF93EC014A015B01D22E898E30
:101F80009A8EAB8EBC8E2D8F3E8F8C899D8900974B
:101F900009F08C010C8B1D8B8E899F89009709F0AD
:101FA0007C01EE8AFF8A8889998997FD07C061E0E4
:101FB0000E94F50560E088890E94C7058A899B898F
:101FC00097FD07C061E00E94F50561E08A890E94E3
:101FD000C705188E2D2DB501A4018C859D85DF9137
:101FE000CF911F910F91FF90EF90DF90BF90AF9036
:101FF0009F908F900C947407EF92FF920F931F9312
:10200000DC01ED91FC910488F589E02DA2E3EA2E34
:10201000F12C02E310E019951F910F91FF90EF90C2
:102020000895EF92FF920F931F93DC01ED91FC91C5
:102030000488F589E02D7801890126E030E01995C2
:102040001F910F91FF90EF900895EF92FF920F93E1
:102050001F93DC01ED91FC910488F589E02D22E3CA
:10206000E22EF12C02E310E026E030E019951F91FA
:102070000F91FF90EF90089590E080E00895982FE1
:1020800080ED890F8A3070F08FEB890F863018F45D
:1020900089EC890F08958FE9890F863010F489EA59
:1020A000F8CF80E00895CF93DF93EC010E94B10652
:1020B000688379838A839B83DF91CF910895EF9220
:1020C000FF920F931F93CF93DF938C0190E4E92E3F
:1020D000F12CD0E0C0E0F80180810E943106C80FE9
:1020E000D91FF1E0EF1AF108B1F786E0D695C79550
:1020F0008A95E1F7F801D283C1838FEF93E08C1BBF
:102100009D0B94838383DF91CF911F910F91FF905B
:10211000EF900895FC01862F608312821182148251
:10212000138260E00C94F5058F929F92AF92BF925C
:10213000CF92DF92EF92FF92CF93DF93EC016A018F
:102140007B010E94B1068C809D80AE80BF809B0188
:10215000AC01281939094A095B0949015A018885E6
:10216000811108C00E94B1066C837D838E839F839A
:1021700081E08887C814D904EA04FB0408F41886AF
:102180000E94B1068C809D80AE80BF80681979095D
:102190008A099B0921E0C616D706E806F90608F069
:1021A00020E0822FDF91CF91FF90EF90DF90CF90D2
:1021B000BF90AF909F908F900895CF93DF93FC01D5
:1021C0002181222331F0EC0160E080810E94C7056B
:1021D0001982DF91CF910895CF93DF93FC01218184
:1021E000211107C0EC0161E080810E94C70581E0F8
:1021F0008983DF91CF910895CF93DF93EC01862FF0
:102200006883198261E00E94F505CE01DF91CF91CC
:102210000C94DD10CF93DF93EC01888199810097B6
:1022200011F00E947D33198218821D821C821B824C
:102230001A82DF91CF910895FC01808191810097EE
:1022400011F00C947D330895CF93DF93EC018A8DC8
:102250009B8D0E947D33CE01DF91CF910C947D3315
:10226000CF93DF93EC0184E292E0998388838C8999
:102270009D89009711F00E947D338E899F89009778
:1022800011F00E947D33888D998D009711F00E9486
:102290007D338A8D9B8D009711F00E947D338A815A
:1022A0009B81009721F0DF91CF910C949908DF91E9
:1022B000CF910895CF93DF93EC010E943011CE01AE
:1022C000DF91CF910C947D33CF93DF93EC018EE5BA
:1022D00092E0998388838B899C89009711F00E94F2
:1022E0007D338A819B81009721F0DF91CF910C94FF
:1022F0009908DF91CF910895CF93DF93EC010E946D
:102300006411CE01DF91CF910C947D3326E632E04B
:10231000FC01318320830C946411CF93DF93EC0193
:102320000E948611CE01DF91CF910C947D33CF9323
:10233000DF932091641130916511232B89F0FC010A
:10234000C0916011D091611160817181CE010E94B4
:102350000535009729F08C1B9D0BDF91CF910895D7
:102360008FEF9FEFFACF20915E1130915F11232BF9
:1023700039F421E0FC018081882361F020E00AC06B
:10238000BC0180915A1190915B110E94F53421E0BB
:10239000892BA1F7822F0895FC0124813581FB014F
:1023A0004481558124173507E1F4FC018081918136
:1023B000FB01608171810097D1F061157105A1F475
:1023C000232BC1F0FC01808190E008C0232B91F009
:1023D000FB01808190E091958195910921E0892B05
:1023E00009F020E0822F08950E94F534F7CF61159F
:1023F000710561F721E0F6CF0F931F93CF93DF9321
:10240000EC0188819981009759F02A813B81261738
:10241000370730F081E0DF91CF911F910F91089540
:102420008B016F5F7F4F0E940634009759F09983AC
:1024300088831B830A832C813D81232B59F7FC0160
:102440001082E8CF80E0E7CF0E94E7340F931F931C
:10245000F801DC018D919C918F3F980711F40E9447
:10246000E73480836183528343833483258386E00A
:1024700090E01F910F910895FB0101900020E9F772
:102480003197AF01461B570BDC01ED91FC910280A7
:10249000F381E02D19948F929F92AF92BF92EF92A9
:1024A000FF920F931F93CF93DF93CDB7DEB7A19722
:1024B0000FB6F894DEBF0FBECDBF7C01FA01CB0191
:1024C00019A2223008F42AE08E010F5D1F4F822EE0
:1024D000912CB12CA12CBF01A50194010E94943232
:1024E000F901CA016A300CF5605DD8016E938D0167
:1024F000232B242B252B79F790E080E0109721F0F7
:10250000BD01C7010E943C12A1960FB6F894DEBF30
:102510000FBECDBFDF91CF911F910F91FF90EF9034
:10252000BF90AF909F908F900895695CDECF8F929F
:102530009F92AF92BF92CF92DF92EF92FF920F9352
:102540001F93CF93DF937C01EB016C0182E0C80EF7
:10255000D11C4701E5E08E0E911C10E000E0F60171
:1025600041916F0150E070E060E02AE0CE010E94EE
:102570004B125C01E881F9810190F081E02D6EE25F
:10258000CE0119958A0D9B1D080F191FC814D90477
:1025900031F7F701458150E070E060E02AE0CE01BC
:1025A0000E944B12800F911FDF91CF911F910F91CD
:1025B000FF90EF90DF90CF90BF90AF909F908F9063
:1025C0000895CF93DF930E943908EC016EE872E022
:1025D00089E09CE00E943C128C0F9D1FDF91CF91FF
:1025E0000895109254078CEB92E00C94E1120F9333
:1025F0001F93CF93DF93EC01FB01448155816081F0
:1026000071810E94CF068C016EE872E0CE010E94BB
:102610003C12800F911FDF91CF911F910F91089570
:10262000BC018BEB99E00E94F7128BEB99E00E94C2
:10263000540861E070E080E090E00C947E06EF9238
:10264000FF920F931F93CF93DF938C017B01EB01DC
:1026500009900020E9F72197C61BD70BBE010E9405
:10266000FC11811109C0C801DF91CF911F910F9119
:10267000FF90EF900C940A11F801D583C483B70141
:1026800080819181DF91CF911F910F91FF90EF9009
:102690000C94FE34EF92FF920F931F93CF93DF932E
:1026A0006115710541F480E0DF91CF911F910F9189
:1026B000FF90EF90089541155105B1F07B01EC01B9
:1026C0000C811D81040F151FB8010E94FC11882385
:1026D00051F3288139818C819D81B701820F931F2D
:1026E0000E94FE341D830C8381E0DECFFB01448118
:1026F0005581608171810C944A130F931F93CF937E
:10270000DF938C01EB01FC01808191810097E1F066
:102710006881798161157105A9F0428153812C810D
:102720003D814217530770F00E94FE348C819D81D9
:10273000F801958384831D821C82DF91CF911F91C4
:102740000F9108950E947D3388819981F8019183CA
:1027500080838A819B81938382838C819D819583F1
:102760008483198218821B821A82E5CFEF92FF922E
:102770000F931F93CF93DF93EC017B011982188293
:102780001B821A821D821C82FB0101900020E9F746
:1027900031978F01061B170BB8010E94FC118111A4
:1027A00009C0CE01DF91CF911F910F91FF90EF9063
:1027B0000C940A111D830C83B70188819981DF91E4
:1027C000CF911F910F91FF90EF900C94FE34AF9238
:1027D000BF92CF92DF92EF92FF920F931F93CF930E
:1027E000DF936C015B017A0189012417350720F41E
:1027F0008F2D7901042F182F60E972E0C6010E9425
:10280000B613D5011496CD91DC91EC16FD06E0F4DB
:102810000C171D0708F4E801D501ED91FC91119703
:10282000EC0FFD1F108110826D917C916E0D7F1D4C
:10283000C60161157105A1F00E941F13F501808189
:102840009181C80FD91F1883C601DF91CF911F91C5
:102850000F91FF90EF90DF90CF90BF90AF900895D1
:102860000E940A11EBCFEF92FF920F931F93CF9329
:10287000DF936115710541F480E0DF91CF911F91E5
:102880000F91FF90EF9008957B01EC01CB010E9426
:1028900017320097A9F00C811D81080F191FB8018C
:1028A000CE010E94FC11882339F3288139818C8163
:1028B0009D81B701820F931F0E9410321D830C83EC
:1028C00081E0DBCFEF92FF920F931F93CF93DF93C3
:1028D000EC018B016115710551F0CB010E9417329B
:1028E0007C01BC01CE010E94FC1181110BC0CE0104
:1028F0000E940A11CE01DF91CF911F910F91FF909D
:10290000EF900895FD82EC82B801888199810E9440
:102910001032F0CFFC0111821082138212821582D4
:1029200014820C946214EF92FF920F931F93CF9333
:10293000DF9300D000D01F92CDB7DEB77C01CB0172
:102940004AE08E010F5F1F4FB8010E944032F8012C
:1029500001900020E9F73197AF01401B510BB801FE
:10296000C7010E944A1327960FB6F894DEBF0FBE28
:10297000CDBFDF91CF911F910F91FF90EF90089500
:10298000EF92FF920F931F93CF93DF9300D01F928C
:10299000CDB7DEB77C01862F4AE08E010F5F1F4F57
:1029A000B80190E00E942032F80101900020E9F780
:1029B0003197AF01401B510BB801C7010E944A1368
:1029C0000F900F900F900F90DF91CF911F910F916B
:1029D000FF90EF900895CF93DF93D82FC62F80916B
:1029E0003511811158C065EC79E088E291E10E94CF
:1029F00062146EE471E188E291E10E94761363EC67
:102A000079E088E291E10E9433146CEB79E088E28E
:102A100091E10E9433146D2F88E291E10E94C0146D
:102A20006AEB79E088E291E10E94331462EB79E08D
:102A300088E291E10E9433146C2F88E291E10E94B8
:102A4000C01460EB79E088E291E10E94331469EAF6
:102A500079E088E291E10E9433146CE671E188E24A
:102A600091E10E94761367EA79E088E291E10E94A1
:102A700033146FE979E088E291E10E94331466E64D
:102A800071E188E291E10E9476136DE979E088E2D4
:102A900091E10E94331481E992E00E94B31166E84B
:102AA00079E0811108C083EA92E00E94B311882383
:102AB00031F06DE679E08EE291E10E94621464E506
:102AC00071E18EE291E10E94761368E679E08EE290
:102AD00091E10E94331460912C1170912D118EE2BE
:102AE00091E1DF91CF910C9493140F931F93CF93A7
:102AF000DF93EFE2F4E140E090E080E021E030E0BD
:102B00005181511120E0082E01C0220F0A94EAF7EA
:102B1000422B019636968830910581F740939D07A8
:102B2000EFE1F4E140E030E020E08181022E01C0DD
:102B3000880F0A94EAF7482B2F5F3F4F32962830D0
:102B4000310599F740939C0766E679E08CE691E1C0
:102B50000E94621407E711E1D0E0C0E0F80166A925
:102B600077A98CE691E10E949314CB30D10531F026
:102B700064E679E08CE691E10E9433142196085CCA
:102B80001F4FCC30D10551F762E679E08CE691E138
:102B90000E94331460E679E086E691E10E946214B7
:102BA00007E114E1D0E0C0E0F801618186E691E13F
:102BB0000E94C014C330D10531F06EE579E086E69D
:102BC00091E10E94331421960E5F1F4FC430D1054E
:102BD00059F76CE579E086E691E1DF91CF911F919D
:102BE0000F910C943314BF92CF92DF92EF92FF9229
:102BF0000F931F93CF93DF93CDB7DEB7ED84FE84A1
:102C0000CF84D888B9880B891C89D70114968D91F7
:102C10009C91892B59F0AE01475E5F4F6F89788D8B
:102C20008091A2149091A3140E941F358D899E89D2
:102C3000892B31F0C7010E94D508C7010E94C20844
:102C4000F6018281938180589F4F93838283D701BD
:102C50005896ED91FC910484F585E02DB801C601EC
:102C60001995F801E80FF91FB0820196DF91CF9115
:102C70001F910F91FF90EF90DF90CF90BF9008953C
:102C80002F923F924F925F926F927F928F929F927C
:102C9000AF92BF92CF92DF92EF92FF920F931F936A
:102CA000CF93DF93CDB7DEB7C851D2400FB6F894BB
:102CB000DEBF0FBECDBFFC01A281B381109749F4E6
:102CC00086E190E090939D1480939C1490E080E0C6
:102CD0000CC45C017E01FBEFEF1AFEEFFF0A589671
:102CE000ED91FC9159970488F589E02DB701CD014C
:102CF00019951816190654F7D50112962D903C9087
:102D0000C55FDD4F99838883CB50D24086E190E048
:102D10002114310409F4E3C3D1015896ED91FC91DB
:102D2000C280D380A4E0B1E0AC0FBD1FAC0DBD1DCF
:102D30008C91282F30E0CD5EDD4F39832883C3513D
:102D4000D240A7014C0D5D1DC15FDD4F5983488303
:102D5000CF50D240DA019C90092D10E0A6E0B1E0FE
:102D6000AC0FBD1FAC0DBD1D6C90712C762C662474
:102D7000A7E0B1E0AC0FBD1FAC0DBD1D8C91680E7E
:102D8000711C2E01BBEF4B1ABDEF5B0AD2011196ED
:102D90003C932E9313961C930E9312970684F785FB
:102DA000E02DBE01655F7D4FC7011995F201958346
:102DB0008483EFEFE90DE73108F066C5F0E088277E
:102DC000EB51F94E8F4F0C94D932FC16FC16DC17E0
:102DD000DC176D18C5186D1A441C441C441C441C97
:102DE000441C441C441CFA18BE193C1A441C441CC4
:102DF000441C441C8F1ADB1A0230110509F04CC028
:102E0000D5011A964D915C911B9718962D913C9186
:102E100019975696AD90BC9084EB92E0E8E0F1E013
:102E2000EC0FFD1FEC0DFD1DE080F12CFE2CEE24BF
:102E3000E9E0F1E0EC0FFD1FEC0DFD1D6081E60EF9
:102E4000F11CB70161507109603D774078F127E0CE
:102E50002F9320ED2F939F938F93FF92EF9288EE05
:102E600092E09F938F931F9281E08F9321E030E057
:102E70002C0F3D1F3F932F931F9283E08F935F9200
:102E80004F923F922F920E94F3158C010FB6F89447
:102E9000DEBF0FBECDBF66C0F501468157812481DC
:102EA0003581A488B5888AEA92E0B8CF6301C41A54
:102EB000D50AD7FC08C047018C0C9D1C2815390584
:102EC000ACF46E0C7F1C9F938F937F926F9280E186
:102ED00093E09F938F931F921F9261E070E06C0FBD
:102EE0007D1F7F936F931F9282E0C0C1D1015896DE
:102EF000ED91FC910484F585E02DBE016F5F7F4F5D
:102F0000C20119958C010F5F1F4FE1E0F0E0EC0F5B
:102F1000FD1F8E0F9F1F21E0A70147705527452BEE
:102F200009F420E0F3E0F594E794FA95E1F7E20E76
:102F3000DC01EC92F501EC0DFD1D30E020E090E0AD
:102F400080E0AF014A195B0948155905E4F0892B67
:102F500049F0E1E0F0E0EC0FFD1FE00FF11F2083EE
:102F60000F5F1F4FCD5EDD4F28813981C351D240A5
:102F7000232B09F4B8C2A801BE016F5F7F4FC101C6
:102F80000E946B0AB0C2419150E0082E02C0440F6B
:102F9000551F0A94E2F7242B352B8730910551F405
:102FA000A1E0B0E0AC0FBD1FA00FB11F2C930F5FCD
:102FB0001F4FC3CF0196C5CF04301105B1F5F50100
:102FC0004685578524853585808C918C84EC92E0EC
:102FD000E8E0F1E0EC0FFD1FEC0DFD1D008110E0BD
:102FE000102F0027E9E0F1E0EC0FFD1FEC0DFD1DB7
:102FF0006081060F111DB80161507109FE01319603
:103000006F016D37710500F11F922DE72F939F938C
:103010008F931F930F9388EE92E09F938F931F924D
:1030200081E08F93FF93EF9327CFD50152964D9177
:103030005C91539750962D913C9151975A968D9053
:103040009C9089ED92E0C4CF7301E41AF50A570110
:10305000F7FC07C0E00EF11E2E153F057CF4600E54
:10306000711E9F938F937F926F9280E193E09F9365
:103070008F931F921F92DF92CF9235CFD101589636
:10308000ED91FC910484F585E02DB601C2011995FE
:10309000F601E80FF91F000F00839501220F331F7F
:1030A000820E931E0196F601E80FF91F8F010C198D
:1030B0001D09AE14BF040CF055CFD40111968C91AC
:1030C000B2E08B0E911C8083D40112978C91818386
:1030D0002FEFA21AB20A3296E9CFD50116968D913A
:1030E0009C911797A301481B590BCE01019657FDE0
:1030F00006C014962D913C91421753074CF07F92D5
:103100006F9222E333E03F932F931F921F92B1C13E
:10311000E8E0F1E0EC0FFD1FEC0DFD1D208130E03B
:10312000322F2227E9E0F1E0EC0FFD1FEC0DFD1D31
:103130006081260F311D2115FFEF3F0719F0211582
:103140003105B1F4D5015496ED91FC91E40FF51FD2
:1031500041E0232B09F440E04083C55FDD4F088147
:103160001981CB50D240A801B7010E94EC34FACEAD
:103170007F926F923F932F932BE533E03F932F93F2
:103180001F921F929F938F936FC0D50152968D917E
:103190009C9153979301281B390BCE01019637FD63
:1031A00007C050964D915C915197241735072CF02C
:1031B0007F926F9229E933E0A6CF220F331F5A96F0
:1031C000ED91FC91E20FF31FA8E0B1E0AC0FBD1F41
:1031D000AC0DBD1D2C9130E0322F2227A9E0B1E0CB
:1031E000AC0FBD1FAC0DBD1D4C91240F311D3183A3
:1031F0002083B3CFE8E0F1E0EC0FFD1FEC0DFD1DE7
:10320000808190E0982F8827E9E0F1E0EC0FFD1F26
:10321000EC0DFD1D2081820F911D9C012150310973
:10322000203B374070F4EAE0F1E0EC0FFD1FEC0DBD
:10323000FD1D2081E8E02E9F9001112428173907F9
:10324000ECF427E02F9320EB2F939F938F9387EC41
:1032500093E09F938F931F9281E08F9321E030E062
:103260002C0F3D1F3F932F931F9283E08F935F920C
:103270004F923F922F920E94F31507CED5011696DA
:103280002D913C911797F301E21BF30B9F01F7FD82
:103290000CC0BC016E0F7F1F14964D915C91159769
:1032A00046175707D4F4680E791E7F926F928BEF02
:1032B00093E09F938F931F921F9221E030E02C0F99
:1032C0003D1F3F932F931F9282E08F935F924F9207
:1032D0003F922F920E94F315D8CD56E0C50ED11C17
:1032E00054960D911C91200F311FF90150E040E0E0
:1032F00081E090E08C0F9D1FC80ED91ECF01801B6E
:10330000910B86179707F0F0D1015896ED91FC913B
:103310000484F585E02DBE016F5F7F4FC2011995D2
:10332000A1E0B0E0AC0FBD1FA80FB91FF701E80F77
:10333000F91F24E001900D922A95E1F78C010C5FB2
:103340001F4F10CECF01821B930BA3E0969587955C
:10335000AA95E1F78C0D9D1D8C5F9E4FDC018C9131
:1033600090E0042E02C0959587950A94E2F781704B
:1033700081934F5F5F4F47705527C0CFE8E0F1E082
:10338000EC0FFD1FEC0DFD1D208130E0322F2227B8
:10339000E9E0F1E0EC0FFD1FEC0DFD1D8081280F31
:1033A000311DC90101978B37910570F4EAE0F1E016
:1033B000EC0FFD1FEC0DFD1D8081B8E08B9FC0015F
:1033C0001124821793077CF41F928BE78F933F930E
:1033D0002F9385E294E09F938F931F9281E08F93C8
:1033E000CE010196CFCED50152968D919C915397E7
:1033F000F301E81BF90BCF01F7FD31C0A9014E0F16
:103400005F1F50966D917C916417750734F1C15F11
:10341000DD4FE881F981CF50D2409C01220F331F4C
:103420002E193F092C193D09841795070CF06CCF14
:10343000D5015A966D917C91DB01A20FB31FAE0F9F
:10344000BF1F668170E0762F66271781610F711D9F
:103450006D937C9301963296E7CF620E731E7F9236
:103460006F928EE594E09F938F931F921F92CE01EF
:1034700001969F938F9327CFD1015896ED91FC91A0
:103480000484F585E02DBE016F5F7F4FC201199561
:10349000FE01E80FF91F24EB2283FE01E80FF91F5C
:1034A0002FEF2383DC011396E1E0F0E0EC0FFD1F2A
:1034B000AE0FBF1F28E0EDE8F4E001900D922A95D1
:1034C000E1F78C01055F1F4FE1E0F0E0EC0FFD1F1D
:1034D000E80FF91F8AE0808345CD8DE690E0909358
:1034E0009D1480939C1481E090E0C85EDD4F0FB680
:1034F000F894DEBF0FBECDBFDF91CF911F910F912A
:10350000FF90EF90DF90CF90BF90AF909F908F9003
:103510007F906F905F904F903F902F900895D501CE
:1035200052968D919C915397F301E81BF90BCE01B4
:103530000196F7FD3DCE50962D913C915197E217A3
:10354000F3070CF035CEEE0FFF1F5A962D913C91EC
:10355000E20FF31FAAE0B1E0AC0FBD1FAC0DBD1D23
:103560002C9130E0322F2227ABE0B1E0AC0FBD1F31
:10357000AC0DBD1D4C91240F311DA8E0B1E0AC0F86
:10358000BD1FAC0DBD1D4C91642F70E0762F6627DA
:10359000A9E0B1E0AC0FBD1FAC0DBD1D4C91460FB5
:1035A000572F511D6081718162277327462357234E
:1035B000242735271CCEE8E0F1E0EC0FFD1FEC0DD1
:1035C000FD1D808190E0982F8827E9E0F1E0EC0F65
:1035D000FD1FEC0DFD1D2081FC01E20FF11DC35FFD
:1035E000DD4FF983E883CD50D240ECE0F1E0EC0F01
:1035F000FD1FEC0DFD1D808190E0982F8827EDE0E8
:10360000F1E0EC0FFD1FEC0DFD1D2081820F911DDF
:103610009C0121503109DE01119629373105C0F492
:10362000C35FDD4F28813981CD50D240215031090F
:103630002D37310568F4EEE0F1E0EC0FFD1FEC0DE5
:10364000FD1D40819C01220F331F4217130639F1E3
:103650001F922DE72F931F9229E72F93C25FDD4F13
:10366000F881CE50D240FF93C35FDD4F2881CD500B
:10367000D2402F939F938F9386E994E09F938F93EB
:103680001F9281E08F93BF93AF931F9283E08F933C
:103690005F924F923F922F920E94F315F6CBEAE091
:1036A000F1E0EC0FFD1FEC0DFD1D208130E0322F0D
:1036B0002227EBE0F1E0EC0FFD1FEC0DFD1D40813A
:1036C000240F311DF501428953898301041B150B19
:1036D000CF5EDD4F19830883C151D240B901641B0D
:1036E000750BAB014B0117FDDFC0C35FDD4FE881F8
:1036F000F981CD50D240E00FF11FCB5EDD4FF98351
:10370000E883C551D240F50160897189CB5EDD4FF8
:10371000E881F981C551D2406E177F07FCF057FD53
:103720001FC0AC01480D591DC95EDD4F5983488348
:10373000C751D24064177507E4F4280F391F17FFEB
:103740000FC03F932F937F926F9282EE94E09F93EE
:103750008F931F921F92BF93AF93C5CB57FFEDCFAF
:10376000C35FDD4F68817981CD50D240660E771EF0
:10377000E8CFF101808D918DFC01248535857D0197
:10378000BD01CE018B5F9D4FF9011995F701E80F3F
:10379000F91FC35FDD4F2881CD50D240220F208317
:1037A000C15FDD4FE881F981CF50D240AE014B5F60
:1037B0005E4F9401220F331F241B350B2C193D093A
:1037C000C95EDD4F48815981C751D24084169506A4
:1037D0000CF443C0F701E80FF91F9801220F331FC3
:1037E0002E193F09B901681B790BCB0141E050E06C
:1037F0004E195F098A010E0F1F1FCB5EDD4F6881D6
:103800007981C551D240CF5EDD4FA881B981C151C8
:10381000D240A617B7070CF0A5CBBC016E0F7F1FD7
:10382000D5015A962D913C91DB01A20FB31F119641
:103830002C91119721832C912283CF5EDD4F28811B
:103840003981C151D2402F5F3F4FCF5EDD4F398369
:103850002883C151D2403296CDCFD5015A964D9191
:103860005C91DA01A20FB31FAE0FBF1F428550E07B
:10387000542F44276385460F511D4D935C93BFEF32
:103880008B1A9B0A32969CCF1F929F9283E395E0FE
:103890009F938F931F9281E08F939E012F5F3F4FE5
:1038A0003F932F931F9211CD77FF47CF4ACF1F929F
:1038B0000F920FB60F9211242F933F938F939F93E4
:1038C000AF93BF938091940790919507A09196072D
:1038D000B09197073091930723E0230F2D3758F5C8
:1038E0000196A11DB11D2093930780939407909397
:1038F0009507A0939607B0939707809198079091AA
:103900009907A0919A07B0919B070196A11DB11D3F
:103910008093980790939907A0939A07B0939B0779
:10392000BF91AF919F918F913F912F910F900FBEBB
:103930000F901F90189526E8230F0296A11DB11D28
:10394000D2CF1F920F920FB60F9211240BB60F9287
:103950002F933F934F935F936F937F938F939F9397
:10396000AF93BF93EF93FF9387EA9EE00E94D60741
:10397000FF91EF91BF91AF919F918F917F916F9147
:103980005F914F913F912F910F900BBE0F900FBE03
:103990000F901F9018951F920F920FB60F9211243F
:1039A0000BB60F922F933F934F935F936F937F9339
:1039B0008F939F93AF93BF93EF93FF9387EA9EE01C
:1039C0000E94FC06FF91EF91BF91AF919F918F9163
:1039D0007F916F915F914F913F912F910F900BBE0F
:1039E0000F900FBE0F901F9018951F920F920FB659
:1039F0000F9211240BB60F922F933F934F935F9327
:103A00006F937F938F939F93AF93BF93EF93FF93A6
:103A10008EE997E00E94D607FF91EF91BF91AF9199
:103A20009F918F917F916F915F914F913F912F91D6
:103A30000F900BBE0F900FBE0F901F9018951F9206
:103A40000F920FB60F9211240BB60F922F933F9344
:103A50004F935F936F937F938F939F93AF93BF9396
:103A6000EF93FF938EE997E00E94FC06FF91EF91A0
:103A7000BF91AF919F918F917F916F915F914F9186
:103A80003F912F910F900BBE0F900FBE0F901F9084
:103A900018951F920F920FB60F9211240BB60F922A
:103AA0002F933F934F935F936F937F938F939F9346
:103AB000AF93BF93EF93FF938BEB99E00E94D607F0
:103AC000FF91EF91BF91AF919F918F917F916F91F6
:103AD0005F914F913F912F910F900BBE0F900FBEB2
:103AE0000F901F9018951F920F920FB60F921124EE
:103AF0000BB60F922F933F934F935F936F937F93E8
:103B00008F939F93AF93BF93EF93FF938BEB99E0CA
:103B10000E94FC06FF91EF91BF91AF919F918F9111
:103B20007F916F915F914F913F912F910F900BBEBD
:103B30000F900FBE0F901F9018951F920F920FB607
:103B40000F9211240BB60F922F933F934F935F93D5
:103B50006F937F938F939F93AF93BF93EF93FF9355
:103B600089E09CE00E94D607FF91EF91BF91AF9151
:103B70009F918F917F916F915F914F913F912F9185
:103B80000F900BBE0F900FBE0F901F9018951F92B5
:103B90000F920FB60F9211240BB60F922F933F93F3
:103BA0004F935F936F937F938F939F93AF93BF9345
:103BB000EF93FF9389E09CE00E94FC06FF91EF9158
:103BC000BF91AF919F918F917F916F915F914F9135
:103BD0003F912F910F900BBE0F900FBE0F901F9033
:103BE000189588E89EE00E94861189EE90E10E9477
:103BF0001C118FEE90E10E941C1185EF90E10E9454
:103C00001C1182E291E10E941C1188E291E10E9464
:103C10001C118EE291E10E941C1186E391E10E9449
:103C20001C118CE391E10E941C1182E491E10E943D
:103C30001C1188E491E10E941C118EE491E10E9424
:103C40001C1184E591E10E941C118AE591E10E941A
:103C50001C1180E691E10E941C1186E691E10E9410
:103C60001C118CE691E10E941C118FE594E10E94E9
:103C700086118EE794E10C9430114F925F926F920F
:103C80007F928F929F92AF92BF92CF92DF92EF92EC
:103C9000FF920F931F93CF93DF931092AA0E10926F
:103CA000A90E88EEC82E83E0D82EE12CF12CC0920C
:103CB000AB0ED092AC0EE092AD0EF092AE0E82E161
:103CC00092E09093A80E8093A70E25E331E0309305
:103CD000B40E2093B30E24E331E03093B60E20935C
:103CE000B50E20E331E03093B80E2093B70E21E3F8
:103CF00031E03093BA0E2093B90E22E331E03093D5
:103D0000BC0E2093BB0E26E331E03093BE0E209311
:103D1000BD0E1092C00E1092C10E1092C20E1092E3
:103D2000C30E1092A1071092A007C092A207D092D2
:103D3000A307E092A407F092A50790939F078093B2
:103D40009E0725ED30E03093AB072093AA0724EDC2
:103D500030E03093AD072093AC0720ED30E0309396
:103D6000AF072093AE0721ED30E03093B1072093E9
:103D7000B00722ED30E03093B3072093B20726ED71
:103D800030E03093B5072093B4071092B707109234
:103D9000B8071092B9071092BA071092BE09109294
:103DA000BD09C092BF09D092C009E092C109F0924A
:103DB000C2099093BC098093BB092DEC30E030938D
:103DC000C8092093C7092CEC30E03093CA0920932E
:103DD000C90928EC30E03093CC092093CB0929ECB9
:103DE00030E03093CE092093CD092AEC30E03093B7
:103DF000D0092093CF092EEC30E03093D2092093E4
:103E0000D1091092D4091092D5091092D6091092B6
:103E1000D70910920C0C10920B0CC0920D0CD09282
:103E20000E0CE0920F0CF092100C90930A0C809301
:103E3000090C85EC90E09093160C8093150C84ECA3
:103E400090E09093180C8093170C80EC90E0909386
:103E50001A0C8093190C81EC90E090931C0C8093C9
:103E60001B0C82EC90E090931E0C80931D0C86EC52
:103E700090E09093200C80931F0C1092220C1092D3
:103E8000230C1092240C1092250CCEE6D2E0D09395
:103E9000D90BC093D80B1092DA0B1092DB0B109257
:103EA000DC0B1092DD0BD093DF0BC093DE0B109276
:103EB000E00B1092E10B1092E20B1092E30BD09307
:103EC000E50BC093E40B1092E60B1092E70B1092F7
:103ED000E80B1092E90B1092811410928014E2E822
:103EE000F4E188E1DF011D928A95E9F78EE292E024
:103EF00090937F1480937E148AEE9BE090939B14A2
:103F000080939A141092621410926114C0926314F8
:103F1000D0926414E0926514F092661410926814C2
:103F20001092671410926914109273141092721404
:103F300010927514109274141092771410927614D3
:103F4000109279141092781410927B1410927A14B3
:103F500026E6822E22E0922E9092601480925F14C8
:103F600090937D1480937C141092ED0B1092EC0BC7
:103F7000C092EE0BD092EF0BE092F00BF092F10BAF
:103F800034E7A32E32E0B32EB092EB0BA092EA0BF3
:103F900089E09CE09093F70B8093F60B81E090E032
:103FA0009093F90B8093F80B82E090E09093FB0BD9
:103FB0008093FA0B0FEF1FEF1093FD0B0093FC0B98
:103FC0001092FF0B1092FE0B1092010C1092000C3D
:103FD0001092020C80E280932F141092301460E053
:103FE0000E94F50581E2809335141092361460E04A
:103FF0000E94F50582E280933B1410923C1460E02D
:104000000E94F50583E2809341141092421460E00F
:104010000E94F50584E2809347141092481460E0F2
:104020000E94F50585E280934D1410924E1460E0D5
:104030000E94F50586E2809353141092541460E0B8
:104040000E94F50587E28093591410925A1460E09B
:104050000E94F50568E28FE194E10E94FC1069E29C
:1040600081E294E10E94FC106AE283E294E10E9402
:10407000FC106BE285E294E10E94FC106CE287E2A6
:1040800094E10E94FC106DE289E294E10E94FC1030
:104090006EE28BE294E10E94FC106FE28DE294E10B
:1040A0000E94FC1084E08093171461E00E94F505E3
:1040B00085E08093191461E00E94F50586E0809305
:1040C0001B1461E00E94F50587E080931D1461E0F8
:1040D0000E94F50586E3809377117724739470929C
:1040E000781160E00E94F50587E38093AF1170922C
:1040F000B01160E00E94F50588E38093E7117092AB
:10410000E81160E00E94F50589E380931F12709228
:10411000201260E00E94F5058AE3809357127092A6
:10412000581260E00E94F5058BE380938F12709225
:10413000901260E00E94F5058CE38093C7127092A4
:10414000C81260E00E94F5058DE38093FF12709223
:10415000001360E00E94F5058EE3809337137092A0
:10416000381360E00E94F5058FE380936F1370921F
:10417000701360E00E94F50580E48093A7137092AD
:10418000A81360E00E94F50581E48093DF1370922C
:10419000E01360E00E94F5058BE18093721162E00C
:1041A0000E94F5058CE18093731162E00E94F50591
:1041B0008DE18093741162E00E94F5058EE1809399
:1041C000751162E00E94F5058FE18093761162E03F
:1041D0000E94F50560E972E08CE691E10E94B61359
:1041E00060E972E086E691E10E94B61360E972E050
:1041F00080E691E10E94B61360E972E08AE591E100
:104200000E94B61360E972E084E591E10E94B61362
:1042100060E972E08EE491E10E94B61360E972E019
:1042200088E491E10E94B61360E972E082E491E1D2
:104230000E94B61360E972E08CE391E10E94B6132C
:1042400060E972E086E391E10E94B61310923511A5
:104250001092341160E972E08EE291E10E94B6138F
:1042600060E972E088E291E10E94B61360E972E0D1
:1042700082E291E10E94B6131092211148EB442E84
:104280004BE0542E612C712C409218115092191150
:1042900060921A1170921B1110921C1110921D1134
:1042A00010921E1110921F111092201140920F11A6
:1042B00050921011609211117092121110921311FC
:1042C00010921411109215111092161110921711CC
:1042D00040920611509207116092081170920911D4
:1042E00010920A1110920B1110920C1110920D11D4
:1042F00010920E111092FF101092001110920111E5
:10430000109202111092031188EC9FEAA0E0B0E035
:104310008093FB109093FC10A093FD10B093FE10BF
:10432000109205111092041160E972E085EF90E19E
:104330000E94B61360E972E08FEE90E10E94B6131E
:1043400060E972E089EE90E10E94B613D093E41028
:10435000C093E3101092E5101092E6101092E7104F
:104360001092E8101092C7101092C610C092C81098
:10437000D092C910E092CA10F092CB10B092C51042
:10438000A092C41087EA9EE09093D1108093D01041
:104390001092D3101092D2101092D5101092D41007
:1043A00086E190E09093D7108093D6101092D910A8
:1043B0001092D8101092DB101092DA101092DC10CC
:1043C00010928B0E10928A0EC0928C0ED0928D0E8F
:1043D000E0928E0EF0928F0E1092910E1092900E2F
:1043E0001092920E10929C0E10929B0E10929E0EA6
:1043F00010929D0E1092A00E10929F0E1092A20E7F
:104400001092A10E1092A40E1092A30E9092890EFB
:104410008092880E84EC90E19093A60E8093A50E76
:1044200066E383E89EE00E948A1067E38EE79EE0E1
:104430000E948A1068E389E79EE00E948A1069E37F
:1044400084E79EE00E948A106AE38FE69EE00E9465
:104450008A106BE38AE69EE00E948A106CE385E690
:104460009EE00E948A106DE380E69EE00E948A1022
:104470006EE38BE59EE00E948A106FE386E59EE086
:104480000E948A1060E481E59EE00E948A1061E447
:104490008CE49EE00E948A1062E487E49EE00E9421
:1044A0008A1063E482E49EE00E948A1064E48DE353
:1044B0009EE00E948A1065E488E39EE00E948A10D4
:1044C00040922F0E5092300E6092310E7092320E4A
:1044D0001092330E1092340E1092350E1092360E4A
:1044E0001092370EE090A50EF090A60E8CE190E0B1
:1044F0000E94E132EC01198308831B830A831D8229
:104500001C821F821E82188619861A861B8680E2EC
:1045100091EAA7E0B0E08C879D87AE87BF87188AB5
:10452000198A1A8A1B8A8C8B9D8BAE8BBF8B84E376
:1045300092E0998F888F8AE090E00E94E132FC013E
:104540009B8F8A8FF782E68280E895E2A0E0B0E058
:1045500080839183A283B38386E090E095838483F4
:104560001186108680919B0E90919C0E009731F0E1
:104570000E947D3310929C0E10929B0E80918A0EA9
:1045800090918B0E009741F00E94A40880918A0EB2
:1045900090918B0E0E949908D0938B0EC0938A0E37
:1045A0001092910E1092900E209781F0CE010E94F1
:1045B000AF08C0918A0ED0918B0E892BA1F0CE014D
:1045C0000E94990810928B0E10928A0E68E575E091
:1045D00089E09CE00E943C126EE872E089E09CE079
:1045E0000E943C12FFCF1092920E10929E0E1092DB
:1045F0009D0E1092A00E10929F0E1092A20E10927D
:10460000A10E1092A40E1092A30E209769F586E1D8
:1046100090E090939D1480939C1480E09CE5A6E22A
:10462000B5E08093260E9093270EA093280EB093AA
:10463000290E10922A0E10922B0E10922C0E109210
:104640002D0E10922E0EDF91CF911F910F91FF90A2
:10465000EF90DF90CF90BF90AF909F908F907F9022
:104660006F905F904F90089584E090E09F838E83D9
:1046700060918C0E70918D0E80918E0E90918F0EA8
:1046800028EE33E040E050E00E94943269017A0164
:104690009B01AC01A8EEB3E00E948932C114D104A1
:1046A000E104F10431F4611571058105910509F406
:1046B000AECFC886D986EA86FB866C877D878E87D3
:1046C0009F87ABCFCF93DF93CDB7DEB7A8970FB659
:1046D000F894DEBF0FBECDBF789484B5826084BDF0
:1046E00084B5816084BD85B5826085BD85B58160F6
:1046F00085BD80916E00816080936E001092810074
:10470000809181008260809381008091810081602E
:1047100080938100809180008160809380008091EF
:10472000B10084608093B1008091B000816080937B
:10473000B0008091910082608093910080919100FF
:1047400081608093910080919000816080939000BF
:104750008091A10082608093A1008091A10081607E
:104760008093A1008091A00081608093A00080913F
:1047700021018260809321018091210181608093D9
:1047800021018091200181608093200180917A0035
:10479000846080937A0080917A00826080937A00AE
:1047A00080917A00816080937A0080917A0080689D
:1047B00080937A001092C10026E040E855E260E064
:1047C00070E089E09CE00E94740768E070E08EE48D
:1047D00091E10E94FC1168E070E088E491E10E94A0
:1047E000FC1168E070E082E491E10E94FC1168E055
:1047F00070E082E291E10E94FC1160E170E08AE5E4
:1048000091E10E94FC1160E170E084E591E10E9479
:10481000FC1160E270E086E691E10E94FC1160E22A
:1048200070E089EE90E10E94FC1160E470E08CE39E
:1048300091E10E94FC1160E470E086E391E10E9446
:10484000FC1160E470E08EE291E10E94FC1160E4F2
:1048500070E08CE691E10E94FC1160E870E085EF69
:1048600090E10E94FC1160E870E088E291E10E9412
:10487000FC1160E071E080E691E10E94FC11882368
:1048800009F45BC08AEE94E00E94E11261E088E1E5
:104890000E94F50561E088E10E94C7051092540767
:1048A00081E08093031181EF92E190930511809351
:1048B000041126E040E855E260E070E08EE997E000
:1048C0000E94740707E711E1D80111961C92085C59
:1048D0001F4FB4E107311B07B9F788E199E20FB622
:1048E000F894A895809360000FBE909360004FEB02
:1048F000442E4EE3542E612C712CFF24F39489E056
:104900009CE00E944507181619060CF04EC089E07D
:104910009CE00E9424078D3011F40C94AC318A3055
:1049200071F389831A8241E050E0BE016F5F7F4FCF
:1049300089EE90E10E944A13E2CF84ED94E0A4CF87
:104940001092540768E075E089EE90E10E946214CD
:10495000D6CF66E375E0CE0101960E948A14BE01AF
:104960006F5F7F4F89EE90E10E94CC11E82ECE015F
:1049700001960E941C11EE2099F08AE295E00E94B7
:10498000E11269E075E0CE0101960E948A14CE0121
:1049900001960E941013CE0101960E941C11D2CFE5
:1049A00089EE90E10E941013CDCF3FE2E32E34E177
:1049B000F32EF701208130E0F901EA5EF64F849191
:1049C000F901E053F74FD490F901E657F74FC4903F
:1049D000CC2009F475C181110E946005EC2DF0E036
:1049E000EE0FFF1FE85BFA4FA591B491EC91ED211A
:1049F00081E009F480E0D82ED70111968C91D81669
:104A000009F460C10E94B106F70182809380A480FE
:104A1000B580681979098A099B0963337105810595
:104A2000910508F0D182B6E0EB0EF11CEFE5F4E160
:104A3000EE15FF0509F0BDCF97E7E92E91E1F92EBC
:104A4000D70111968C91E0E4CE2ED12C812C912CA3
:104A50005401813009F040C1C12CDD24D394812C54
:104A6000912C5401F70180810E943106092E000C1F
:104A7000AA0BBB0B880E991EAA1EBB1EF1E0CF1A13
:104A8000D10881F7B4E0B694A79497948794BA9527
:104A9000D1F7D70113969C928E921297F701349614
:104AA00081E090E022813381219331930196883116
:104AB0009105C1F7F70193AA82AA60E070E0CB01EB
:104AC00050E040E0FA01EE0FFF1FEE0DFF1D2481C4
:104AD0003581620F731F811D911D4F5F5F4F4831FC
:104AE000510581F728E130E040E050E00E94943227
:104AF000D701D5963C932E93D497F70154A945A995
:104B00008181813009F005C1252F342F203CFEE33F
:104B10003F0710F02FEB3EE3AFEFBFE00E94B6324D
:104B2000A30192010E946A32D701D7963C932E933B
:104B3000D697F8E3EF0EF11C0E151F0509F080CF94
:104B40000E94751560919C0780919D070E94EB144F
:104B50008091261190912711892B09F465C070E08E
:104B600060E082E291E10E94BD06C82E61E070E043
:104B700082E291E10E94BD06E82E63E070E082E2ED
:104B800091E10E94BD06F82E64E070E082E291E1BE
:104B90000E94BD06D82E24E4C212F0C03AE3E3120C
:104BA000D9C08F2D0E943F10F82E8D2D0E943F10EE
:104BB00040E1F49E90011124F82EF22A8DE294E156
:104BC000F0FCB3C00E94DD108BE294E1F1FCB0C0B8
:104BD0000E94DD1089E294E1F2FCADC00E94DD107C
:104BE00087E294E1F3FCAAC00E94DD1085E294E123
:104BF000F4FCA7C00E94DD1083E294E1F5FCA4C0A0
:104C00000E94DD1081E294E1F6FCA1C00E94DD105B
:104C10008FE194E1F7FCAFC00E94DD1067E475E01E
:104C200082E291E10E94621448EE53E060E070E09D
:104C30008FE29EE00E949410882309F426C264E06B
:104C400070E080919B0E90919C0E0E940634909390
:104C50009C0E80939B0E892B09F093C182EF9DE2FD
:104C600090939D1480939C1468E377E089E09CE026
:104C70000E943C1220919C1430919D142115310505
:104C800009F4FDC1F901E35EFB42E131F10508F0F1
:104C9000A6C48827E15BF94D8F4F0C94D9321C2BA9
:104CA00039281F2BCB2ACE2AD12AD42AD72AEF2A59
:104CB000DA2ADD2AE02AE32AE62AEF2AE92AEC2A80
:104CC000D12C9ACE0E94B106D70112966D937D9396
:104CD0008D939C931597A7CEF70180810E94310692
:104CE000092E000CAA0BBB0B880E991EAA1EBB1E18
:104CF000F1E0CF1AD10881F776E0B694A7949794A3
:104D000087947A95D1F7D701D5969C928E92D497B5
:104D1000F4CE852F942F8115B4E09B0710F08FEF10
:104D200093E0F70197AB86AB04CF0E94EC104CCF19
:104D30000E94EC104FCF0E94EC1052CF0E94EC105A
:104D400055CF0E94EC1058CF0E94EC105BCF0E9410
:104D5000EC105ECF8FEC8E0D883008F05FCFAE2D5B
:104D6000A153BB0BCD01880F991F815E9B4EB0E311
:104D7000FB1609F451CF0E94EC1050CFE1E4CE12A3
:104D80004DCF8FEC8E0D853008F048CF8F2D0E94CF
:104D90003F10F82E8D2D0E943F10F0E1FF9E9001F4
:104DA0001124F82EF22A2E2D2153330BF901EE0F88
:104DB000FF1FE95EFB4EF182E08061E08E2D0E94D4
:104DC000F505F11005C060E08E2D0E94C70526CFC5
:104DD0003FEFF31202C061E0F7CFEE2DF0E0EA5EA4
:104DE000F64FE491E150E23108F0C8C0F0E08827C6
:104DF000E350F94D8F4F0C94D9320F271427192700
:104E000025273127BE273D2745274D2759276527C9
:104E1000712782278E27BE279A27A627B22784B517
:104E2000806884BDF7BCFACE84B5806284BDF8BCCE
:104E3000F5CE809180008068809380008F2D90E077
:104E40009093890080938800E9CE809180008062F1
:104E5000809380008F2D90E090938B0080938A0048
:104E6000DDCE809180008860809380008F2D90E05F
:104E700090938D0080938C00D1CE8091B00080689B
:104E80008093B000F092B300C9CE8091B0008062F0
:104E90008093B000F092B400C1CE80919000806801
:104EA000809390008F2D90E09093990080939800CC
:104EB000B5CE809190008062809390008F2D90E01D
:104EC00090939B0080939A00A9CE80919000886077
:104ED000809390008F2D90E090939D0080939C0094
:104EE0009DCE8091A00080688093A0008091A0005A
:104EF0008F7B8093A0008F2D90E09093A9008093EA
:104F0000A8008CCE8091A00080628093A0008F2D9D
:104F100090E09093AB008093AA0080CE8091A00097
:104F200088608093A0008F2D90E09093AD008093D7
:104F3000AC0074CE809120018068809320018F2D79
:104F400090E0909329018093280168CE8091200100
:104F50008062809320018F2D90E090932B018093AD
:104F60002A015CCE809120018860809320018F2DE2
:104F700090E090932D0180932C0150CEF7FC2BCF25
:104F800022CF80918A0E90918B0E009799F486E142
:104F900090E090939D1480939C1440919B0E5091AF
:104FA0009C0E80918A0E90918B0E009771F486E191
:104FB00090E056CEDC015896ED91FC910084F1858D
:104FC000E02D61E070E01995E8CF63E070E00E94A9
:104FD000D00A019609F448CE1092920E82E090E039
:104FE0009093960E8093950E90939E0E80939D0EB7
:104FF0001092A00E10929F0E1092A20E1092A10E6F
:105000001092A40E1092A30E80919D0E90919E0E70
:10501000892BD9F10E941C056B017C0170934E070E
:1050200060934D070E941C0570934C0760934B07DB
:10503000B701A601662777272AE089E09CE00E9455
:105040004B126EE872E089E09CE00E943C124091B5
:105050004B0750914C0770E060E02AE089E09CE04B
:105060000E944B126EE872E089E09CE00E943C12C4
:10507000CBCF6EEB75E089E09CE00E943C126EE8BD
:1050800072E089E09CE00E943C1283E89EE00E946E
:105090005F108EE79EE00E945F1089E79EE00E940D
:1050A0005F1084E79EE00E945F108FE69EE00E9402
:1050B0005F108AE69EE00E945F1085E69EE00E94F7
:1050C0005F1080E69EE00E945F108BE59EE00E94EC
:1050D0005F1086E59EE00E945F1081E59EE00E94E1
:1050E0005F108CE49EE00E945F1087E49EE00E94C7
:1050F0005F1082E49EE00E945F108DE39EE00E94BC
:105100005F1088E39EE00E945F108091860E909170
:10511000870E9093AE118093AD118091810E909186
:10512000820E9093E6118093E51180917C0E909110
:105130007D0E90931E1280931D128091770E909198
:10514000780E90935612809355128091720E909122
:10515000730E90938E1280938D1280916D0E9091AC
:105160006E0E9093C6128093C5128091680E909136
:10517000690E9093FE128093FD128091630E9091C0
:10518000640E909336138093351380915E0E909148
:105190005F0E90936E1380936D138091590E9091D2
:1051A0005A0E9093A6138093A5138091540E90915C
:1051B000550E9093DE138093DD1380914F0E9091E6
:1051C000500E909316148093151480914A0E80937C
:1051D00018148091450E80931A1480914D07909178
:1051E0004E074AE0E42EF12CB7010E94C5326093CD
:1051F0001C1480914B0790914C07B7010E94C53257
:1052000060931E140E947515E0914F0EF091500EA0
:10521000FA8FE98F2091540E3091550E3C8F2B8FD1
:105220004091590E50915A0E5E8F4D8F80915E0EB7
:1052300090915F0E98A38F8FA091630EB091640E32
:10524000BAA3A9A3E091680EF091690EFCA3EBA3A9
:1052500020916D0E30916E0E3EA32DA34091720EE3
:105260005091730E58A74FA32090770E3090780E70
:10527000C0907C0ED0907D0EA090810EB090820EDA
:105280008090860E9090870E64E875E08CE691E140
:105290000E946214B4018CE691E10E94931462E8CA
:1052A00075E08CE691E10E943314B5018CE691E142
:1052B0000E94931460E875E08CE691E10E9433143B
:1052C000B6018CE691E10E9493146EE775E08CE6DE
:1052D00091E10E943314B1018CE691E10E94931494
:1052E0006CE775E08CE691E10E9433146FA178A51C
:1052F0008CE691E10E9493146AE775E08CE691E1F7
:105300000E9433146DA17EA18CE691E10E9493145A
:1053100068E775E08CE691E10E9433146BA17CA1F3
:105320008CE691E10E94931466E775E08CE691E1CA
:105330000E94331469A17AA18CE691E10E94931432
:1053400064E775E08CE691E10E9433146F8D78A1DB
:105350008CE691E10E94931462E775E08CE691E19E
:105360000E9433146D8D7E8D8CE691E10E94931422
:1053700060E775E08CE691E10E9433146B8D7C8DC3
:105380008CE691E10E9493146EE675E08CE691E163
:105390000E943314698D7A8D8CE691E10E949314FA
:1053A0006CE675E08CE691E10E94331480914B0726
:1053B00090914C07B7010E94C5326B0180914D0757
:1053C00090914E07B7010E94C5327B01A090450E17
:1053D000B090460E80904A0E90904B0E6AE675E0B3
:1053E00086E691E10E946214B40186E691E10E9492
:1053F000931468E675E086E691E10E943314B501E6
:1054000086E691E10E94931466E675E086E691E1F6
:105410000E943314B70186E691E10E94931464E67A
:1054200075E086E691E10E943314B60186E691E1CB
:105430000E94931462E675E086E691E10E943314BF
:1054400060919C0780919D070E94EB140E94B10619
:105450004B015C0180918F0790919007A09191077B
:10546000B0919207A5019401281B390B4A0B5B0BE5
:10547000DA01C901813D9740A105B10508F4FBC0DF
:1054800080914E1190914F11E12C009719F00E94DC
:10549000E931E62E66E875E0CE0101960E948A1495
:1054A000BE016F5F7F4F8AE591E10E94CC11F12C24
:1054B00081110AC083EA92E00E94B311FF24F394A1
:1054C000811102C032E0F32ECE0101960E941C1120
:1054D0008BE5809357078091540790915307890F6C
:1054E00090915107890F80935807E0925907F092E5
:1054F0005A0780919D0780935B0780919C0780935A
:105500005C07E7E5F7E08FE697E0A7E7B1E1D6961D
:105510002C91D697D7963C91D79736832783D896E8
:1055200032968E179F0799F710927507809118147D
:10553000809376071092770780911A1480937807EA
:105540001092790780911C1480937A0710927B0740
:1055500080911E1480937C072DE7E22E27E0F22E27
:10556000D12CC12CB60184E591E10E94BD06D70182
:105570008D937D01BFEFCB1ADB0AE0E1CE16D1049B
:1055800089F7E8E5F7E096E380E0915009F45AC026
:105590002191820FFACF6AEC76E06DCD6EEB76E06A
:1055A0006ACD6FE976E067CD6AE876E064CD66E7BC
:1055B00076E061CD6DE576E05ECD6DE376E05BCDC6
:1055C00061E376E058CD64E276E055CD6DE076E0BB
:1055D00052CD6FEF75E04FCD6DED75E04CCD66E9C6
:1055E00075E02D36310509F446CD8CF463ED75E098
:1055F0002530310509F43FCD6DEA75E026313105DE
:1056000009F439CD232BA9F46BE775E034CD62E1C1
:1056100077E02437310509F42ECD64E077E02638B1
:10562000310509F428CD2F36310519F463E875E00A
:1056300022CD6CEF76E01FCD67E277E01CCD69EEFE
:1056400076E019CD80938D078DE580938E0748E332
:1056500050E067E577E08EE997E00E94CF068EE99B
:1056600097E00E94540880928F0790929007A09232
:105670009107B092920780910311882331F10E9423
:10568000B106C090FF10D0900011E0900111F09091
:1056900002116C197D098E099F09C090FB10D090F2
:1056A000FC10E090FD10F090FE10C616D706E8063C
:1056B000F90658F4E0910411F0910511309701F1C9
:1056C00019958FEF90E10E9453108BEB99E00E94A7
:1056D000450718161906FCF48BEB99E00E94240785
:1056E0008D30C9F08A3089F389831A8241E050E015
:1056F000BE016F5F7F4F80E691E10E944A13E5CFC4
:1057000088E198E00FB6F894A895809360000FBEEA
:1057100090936000FFCF6EE478E0CE0101960E9486
:105720008A14CE0101960E9497117C01909356072E
:1057300080935507CE0101960E941C11F7FC5EC0B4
:1057400083EA92E00E94B3118823B9F09701295EA1
:105750003F4FA701485F5F4F60E671E1CE010196C0
:105760000E94E713BE016F5F7F4F84E591E10E94C5
:105770007D13CE0101960E941C1181E992E00E94E6
:10578000B3118823B9F097012A5E3F4FA701495F03
:105790005F4F60E671E1CE0101960E94E713BE0102
:1057A0006F5F7F4F84E591E10E947D13CE010196EA
:1057B0000E941C116CE378E08CE391E10E9462147A
:1057C00064E571E18CE391E10E9476136BE278E08D
:1057D0008CE391E10E94331468E178E086E391E183
:1057E0000E94621464E571E186E391E10E94761300
:1057F00061E178E086E391E10E9433146AE078E0A9
:10580000CE0101960E948A14CE0101960E94971142
:105810007C019093560780935507CE0101960E9414
:105820001C11F7FC40C09701285F3F4FA7014A5F5A
:105830005F4F60E671E1CE0101960E94E713BE0161
:105840006F5F7F4F8EE491E10E947D13CE01019640
:105850000E941C118091521190915311029718F1DE
:10586000E0914E11F0914F11309709F0A5C41092BC
:105870005207E2E5F7E080818C32A9F421E030E0C4
:1058800050E040E06EE471E1CE0101960E94E71322
:10589000BE016F5F7F4F8EE491E10E947D13CE01C8
:1058A00001960E941C1160E078E0CE0101960E94F2
:1058B0008A14CE0101960E9497117C01CE010196B7
:1058C0000E941C11F7FC06C06EEF77E088E491E1BE
:1058D0000E94621462EF77E0CE0101960E948A1462
:1058E000CE0101960E9497117C01CE0101960E9483
:1058F0001C11F7FC06C06EEE77E082E491E10E9495
:10590000621463EE77E0CE0101960E948A14CE0104
:1059100001960E9497117C0190935607809355073A
:10592000CE0101960E941C11F7FC1DC09701225D5B
:105930003F4FA701475D5F4F60E671E1CE010196E1
:105940000E94E713BE016F5F7F4F82E291E10E94E8
:105950007D13CE0101960E941C1162E271E189E083
:105960009CE00E94F7126EEC77E0CE0101960E9457
:105970008A14CE0101960E9497117C01CE010196F6
:105980000E941C11F7FE1092540763EC77E0CE01E1
:1059900001960E948A14CE0101960E9497117C0103
:1059A000CE0101960E941C11F7FE1092540762EB83
:1059B00077E0CE0101960E948A14CE0101960E94E2
:1059C00097117C01CE0101960E941C11F7FE1092E6
:1059D000540780915407811151C087E997E00E94D4
:1059E000E11281E0809354071092530710925107FF
:1059F00066E977E080E691E10E94621465E977E06C
:105A00008AE591E10E94621464E977E084E591E11E
:105A10000E94621463E977E08EE491E10E946214CF
:105A200062E977E088E491E10E94621461E977E03D
:105A300082E491E10E94621460E977E08CE391E1F5
:105A40000E9462146FE877E086E391E10E9462149D
:105A500010923511109234116EE877E08EE291E1E8
:105A60000E9462146DE877E088E291E10E9462147E
:105A70006CE877E082E291E10E9462148091540721
:105A8000813049F5E0914F07F0915007EE0FFF1F6D
:105A9000EE0FFF1FEA5FFD4F4081518162817381EC
:105AA00026E08BEB99E00E94740760E088E10E9499
:105AB000C70540ED57E060E070E088E191E10E94A9
:105AC0009410882309F441C061E088E10E94C70571
:105AD00082E080935407809154078230B1F568E8E2
:105AE00077E0CE0101960E948A14CE0101960E94B1
:105AF00097117C01CE0101960E941C11F7FC5EC338
:105B00008EE697E00E94E11269E677E0CE01019609
:105B10000E948A14CE0101960E941013CE010196B4
:105B20000E941C116EE577E0CE0101960E948A1456
:105B3000CE0101960E941013CE0101960E941C1105
:105B400083E0809354071092211180915407833091
:105B500019F486E080935407809154078630E1F46D
:105B600048EE53E060E070E088E191E10E9494101B
:105B7000882309F452C069E277E0CE0101960E94C1
:105B80008A14CE0101960E941013CE0101960E9444
:105B90001C1189E080935407809154078930E9F5FE
:105BA00063EA72E0CE0101960E94B613CE0101961F
:105BB0000E9497117C01CE0101960E941C1163EA9C
:105BC00072E0F7FE13C061E972E0CE0101960E9417
:105BD000B613CE0101960E9497117C01CE01019669
:105BE0000E941C11F7FC22C061E972E08AE591E194
:105BF0000E941F1340915E1150915F1160915A11E4
:105C000070915B1189E09CE00E94CF068BE080934D
:105C100054078FEF90E10E945310809154078B300E
:105C200029F48CE080935407109253078091540715
:105C30008C3009F095C280915307811107C081E132
:105C400097E00E94E11283E080935307809153070D
:105C5000833009F0A5C048EE53E060E070E08FE0CB
:105C600091E10E949410882309F4BFC067E077E0B7
:105C7000CE0101960E948A14CE0101960E94101353
:105C8000CE0101960E941C116CEF76E0CE010196C8
:105C90000E948A14CE0101960E941013CE01019633
:105CA0000E941C116CED76E0CE0101960E948A14D0
:105CB000CE0101960E941013CE0101960E941C1184
:105CC00081E992E00E94B311882309F446C062ED95
:105CD00076E0CE0101960E948A14CE0101960E94C0
:105CE0001013CE0101960E941C1167EC76E0CE01E4
:105CF00001960E948A14CE0101960E941013CE01D3
:105D000001960E941C116CEB76E0CE0101960E9478
:105D10008A14CE0101960E941013CE0101960E94B2
:105D20001C1161EB76E0CE0101960E948A14CE012F
:105D300001960E941013CE0101960E941C1163EA85
:105D400076E0CE0101960E948A14CE0101960E944F
:105D50001013CE0101960E941C1165E976E0CE0178
:105D600001960E948A14CE0101960E941013CE0162
:105D700001960E941C1168E876E0CE0101960E940F
:105D80008A14CE0101960E941013CE0101960E9442
:105D90001C1184E0809353078FEF90E10E94531011
:105DA00080915307843009F548EE53E060E070E0DD
:105DB0008FE091E10E949410882371F06EE776E005
:105DC000CE0101960E948A14CE0101960E94101302
:105DD000CE0101960E941C11809158119091591189
:105DE0000F9719F485E0809353078091530785300E
:105DF00059F548EE53E060E070E08FE091E10E94D9
:105E00009410882371F067E776E0CE0101960E9436
:105E10008A14CE0101960E941013CE0101960E94B1
:105E20001C1180914E1190914F11009769F00E94C2
:105E3000E931633649F0633038F086E080935307E8
:105E40008FEF90E10E94531080915307863019F430
:105E500087E08093530780915307873099F548EE88
:105E600053E060E070E08FE091E10E94941088239D
:105E700071F06DE676E0CE0101960E948A14CE01A3
:105E800001960E941013CE0101960E941C1163EF2F
:105E900075E0CE0101960E948A14BE016F5F7F4FAC
:105EA00088E491E10E94CC11F82ECE0101960E9467
:105EB0001C11FF2039F088E0809353078FEF90E1A9
:105EC0000E94531080915307883019F489E0809321
:105ED000530780915307893099F548EE53E060E00D
:105EE00070E08FE091E10E949410882371F063E6E6
:105EF00076E0CE0101960E948A14CE0101960E949E
:105F00001013CE0101960E941C116FEE75E0CE01B8
:105F100001960E948A14BE016F5F7F4F82E491E177
:105F20000E94CC11F82ECE0101960E941C11FF2078
:105F300039F08AE0809353078FEF90E10E9453106D
:105F4000809153078A3009F0A5C183EA92E00E944C
:105F5000B311882309F47BC148EE53E060E070E0A0
:105F60008FE091E10E94941062E476E0811183C198
:105F7000809153078C3089F448EE53E060E070E084
:105F80008FE091E10E949410882319F18CE391E154
:105F90000E9410138DE080935307809153078D303A
:105FA000C1F466E076E0CE0101960E948A14CE012B
:105FB00001960E9497117C01CE0101960E941C114E
:105FC000F7FC07C08EE0809353078FEF90E10E94AB
:105FD0005310809153078E3089F448EE53E060E00F
:105FE00070E08FE091E10E949410882319F186E31C
:105FF00091E10E9410138FE0809353078091530723
:106000008F30C1F465EF75E0CE0101960E948A14CD
:10601000CE0101960E9497117C01CE0101960E944B
:106020001C11F7FC07C081E1809353078FEF90E1CB
:106030000E94531080915307813129F41092510727
:1060400082E18093530780915307823109F088C021
:1060500080915107811111C080913411882309F476
:1060600037C110923411FF24F394F09235118EE26F
:1060700091E10E941013F092510768EC75E0CE0197
:1060800001960E948A14CE0101960E9497117C010C
:10609000CE0101960E941C11F7FC0DC080915107A2
:1060A000813049F488E291E10E9410131092351179
:1060B00082E08093510767EB75E0CE0143960E9422
:1060C0008A14CE0143960E949711FF24F39497FF00
:1060D00037C066EA75E0CE010D960E948A14CE01A3
:1060E0000D960E949711FF24F39497FF25C067E94E
:1060F00075E0CE0107960E948A14CE0107960E9491
:106100009711FF24F39497FF13C068E875E0CE0160
:1061100001960E948A14CE0101960E9497119095D3
:10612000F92EFF1CFF24FF1CCE0101960E941C11BA
:10613000CE0107960E941C11CE010D960E941C11E3
:10614000CE0143960E941C11FF2051F0809151070F
:10615000823031F48FEF90E10E945310109251077A
:1061600067E875E080E691E10E9462140E94B10642
:10617000C0902A0ED0902B0EE0902C0EF0902D0E99
:106180006C197D098E099F09C090260ED090270EAC
:10619000E090280EF090290EC616D706E806F906FC
:1061A00008F0A8956AE070E080E090E00E947E062A
:1061B0000E9474080C947D2431965DCB48EE53E028
:1061C00060E070E088E191E10E949410882301F181
:1061D00084E497E00E943908E0914F07F09150075E
:1061E000EE0FFF1FEE0FFF1FEA5FFD4F4081518151
:1061F000628173812AE089E09CE00E944B1282E474
:1062000097E00E94E112809121118F5F809321110C
:1062100080912111853008F498CC109221118DE2E3
:1062200097E00E94E11280914F07909150070196EC
:106230008230910538F49093500780934F07109265
:10624000540783CC1092500710924F07F8CF81E982
:1062500092E00E94B311882309F48ACE48EE53E0FD
:1062600060E070E08FE091E10E949410882309F4CF
:106270007FCE64E276E0CE0101960E948A14CE01C0
:1062800001960E941013CE0101960E941C118BE012
:1062900080935307809153078B3009F069CE66E1F4
:1062A00076E0CE0101960E948A14CE0101960E94EA
:1062B00097117C01CE0101960E941C11F7FC58CE6B
:1062C0008CE0809353078FEF90E10E94531050CEE3
:1062D00040E355E760E070E08FE091E10E949410A8
:1062E000882351F0FF24F394F09235118EE291E16E
:1062F0000E941013F0925107809135118111BDCE8B
:1063000048EB5BE060E070E086E091E10E94941071
:10631000882309F4B2CE8AED95E00E94E11261ED86
:1063200075E0CE0101960E948A14CE0101960E946A
:106330001013CE0101960E941C116AEC75E0CE018B
:1063400001960E948A14CE0101960E941013CE017C
:1063500001960E941C1191CE61E475E0CE01019678
:106360000E948A14BE016F5F7F4F89EE90E10E9408
:10637000CC11E82ECE0101960E941C11E1100C9464
:10638000A0246BE375E0CE0101960E948A14BE0141
:106390006F5F7F4F89EE90E10E94CC11E82ECE0115
:1063A00001960E941C11EE2011F40C94A9248091F6
:1063B000341181110C94A2248091351181110C9417
:1063C000A22489EF94E00E94E112F09234110C941F
:1063D000A2241F93FC0199278827BC01E8941191FE
:1063E0001032E9F3193010F01E30C8F31B3251F0AF
:1063F0001D3249F4689406C00E942B32610F711D52
:10640000811D911D119110531A30B0F33EF49095F7
:106410008095709561957F4F8F4F9F4F1F91089585
:10642000FB01DC0105900D920020E1F70895FC01CD
:1064300005900020E9F7809590958E0F9F1F089595
:10644000BB274A3031F4992322F4BDE2909581951F
:106450009F4F0C944132592F482F372F262F660F0C
:10646000771F881F991F660F771F881F991F620F5C
:10647000731F841F951F660F771F881F991F08952C
:10648000BB27FB015527AA27880F991FAA1FA4170E
:1064900010F0A41B83955051B9F7A05DAA3308F002
:1064A000A95DA193009779F7B111B1931192CB0136
:1064B0000C945A32DC01FC01672F71917723E1F7CC
:1064C000329704C07C916D9370836291AE17BF07C1
:1064D000C8F30895052E97FB1EF400940E948132A4
:1064E00057FD07D00E94943207FC03D04EF40C9461
:1064F000813250954095309521953F4F4F4F5F4FDA
:10650000089590958095709561957F4F8F4F9F4F1F
:1065100008950E94B632A59F900DB49F900DA49F40
:10652000800D911D11240895A1E21A2EAA1BBB1BF8
:10653000FD010DC0AA1FBB1FEE1FFF1FA217B3074F
:10654000E407F50720F0A21BB30BE40BF50B661F65
:10655000771F881F991F1A9469F760957095809529
:1065600090959B01AC01BD01CF010895A29FB001A0
:10657000B39FC001A39F700D811D1124911DB29F77
:10658000700D811D1124911D0895AA1BBB1B51E1A3
:1065900007C0AA1FBB1FA617B70710F0A61BB70B93
:1065A000881F991F5A95A9F780959095BC01CD0138
:1065B0000895EE0FFF1F881F8BBF0790F691E02D07
:1065C00019940F931F93CF93DF938230910510F4AA
:1065D00082E090E0E091A614F091A71430E020E072
:1065E000B0E0A0E0309799F42115310509F44AC0D4
:1065F000281B390B24303105D8F58A819B81611520
:10660000710589F1FB0193838283FE0111C04081F2
:1066100051810281138148175907E0F04817590743
:1066200099F4109761F012960C93129713961C939D
:106630003296CF01DF91CF911F910F910895009372
:10664000A6141093A714F4CF2115310551F0421769
:10665000530738F0A901DB019A01BD01DF01F80100
:10666000C1CFEF01F9CF9093A7148093A614CDCF9B
:10667000FE01E20FF31F8193919322503109398378
:106680002883D7CF2091A4143091A514232B41F453
:1066900020910202309103023093A5142093A41498
:1066A00020910002309101022115310541F42DB7EE
:1066B0003EB74091040250910502241B350BE09136
:1066C000A414F091A514E217F307A0F42E1B3F0BBE
:1066D0002817390778F0AC014E5F5F4F2417350754
:1066E00048F04E0F5F1F5093A5144093A41481935C
:1066F00091939FCFF0E0E0E09CCFCF93DF930097A2
:10670000E9F0FC01329713821282A091A614B09195
:10671000A714ED0130E020E01097A1F42081318131
:10672000820F931F2091A4143091A51428173907C4
:1067300009F061C0F093A514E093A414DF91CF9108
:106740000895EA01CE17DF07E8F54A815B819E01D3
:1067500041155105B1F7E901FB83EA83499159914C
:10676000C40FD51FEC17FD0761F48081918102965B
:10677000840F951FE90199838883828193819B838C
:106780008A83F0E0E0E012968D919C911397009738
:10679000B9F52D913C911197CD010296820F931F6F
:1067A0002091A4143091A5142817390739F6309791
:1067B00051F51092A7141092A614B093A514A093AB
:1067C000A414BCCFD383C28340815181840F951F11
:1067D000C817D90761F44E5F5F4F88819981480FD0
:1067E000591F518340838A819B8193838283211522
:1067F000310509F0B0CFF093A714E093A6149ECF13
:10680000FD01DC01C0CF13821282D7CF4F925F927D
:106810006F927F928F929F92AF92BF92CF92DF92B0
:10682000EF92FF920F931F93CF93DF938C0100970A
:1068300099F4CB01DF91CF911F910F91FF90EF90D1
:10684000DF90CF90BF90AF909F908F907F906F9090
:106850005F904F900C94E132FC01E60FF71F9C0112
:1068600022503109E217F30708F4AEC0D901CD91E7
:10687000DC911197C617D70720F1C530D10578F004
:10688000CE0104978617970750F0C61BD70B2297A7
:10689000C193D1936D937C93CF010E947D33C80146
:1068A000DF91CF911F910F91FF90EF90DF90CF90EC
:1068B000BF90AF909F908F907F906F905F904F9020
:1068C00008955B01AC1ABD0A4C018C0E9D1EA0916F
:1068D000A614B091A714512C412CF12CE12C109747
:1068E00031F58091A4149091A5148815990509F0AB
:1068F0005CC04616570608F058C08091000290917F
:106900000102009741F48DB79EB740910402509167
:106910000502841B950BE817F90708F055C0F093A2
:10692000A514E093A414F90171836083B8CF8D910D
:106930009C91119712966C90129713967C901397D6
:10694000A815B90559F56C0142E0C40ED11CCA1452
:10695000DB0420F1AC014A195B09DA0112961597A4
:1069600080F06282738251834083D9016D937C935E
:10697000E114F10471F0D7011396FC93EE93129792
:106980008ECF22968C0F9D1FF90191838083F30196
:10699000EFCFF093A714E093A61481CF48165906C1
:1069A00008F42C017D01D3019ACFCB010E94E13282
:1069B0007C01009749F0AE01B8010E94EC34C80197
:1069C0000E947D3387016BCF10E000E068CF81E04B
:1069D00090E0F8940C94C537FB01DC0102C00190F3
:1069E0000D9241505040D8F70895FB01DC018D9184
:1069F000019080190110D9F3990B0895FB01DC0176
:106A000001900D920020E1F70895FB01519155236B
:106A1000A9F0BF01DC014D9145174111E1F759F48F
:106A2000CD010190002049F04D9140154111C9F36D
:106A3000FB014111EFCF81E090E0019708952F9283
:106A40003F924F925F926F927F928F929F92AF92FE
:106A5000BF92CF92DF92EF92FF920F931F93CF934B
:106A6000DF9300D000D000D01F921F92CDB7DEB7C9
:106A70007C013B018A01FC0117821682838181FF20
:106A8000DDC1CE0101965C01F7019381F30193FD15
:106A9000859193FF81913F01882309F453C1853289
:106AA00039F493FD859193FF81913F01853229F45B
:106AB000B70190E00E943737E7CF912C212C312C81
:106AC000FFE1F31538F08B3211F190F4803209F1C7
:106AD000833229F137FC3CC020ED280F2A3050F5D5
:106AE00036FE20C08AE0989E200D1124922E06C00A
:106AF0008D3291F0803371F7689430F8F30193FD93
:106B0000859193FF81913F018111DACF21C0689473
:106B100031F8689432F8F2CF689433F8EFCF689484
:106B200034F8ECCFEAE02E9E200D1124222E68943A
:106B300035F8E4CF8E3229F436FC04C1689436F877
:106B4000DDCF8C3619F4689437F8D8CF8836B1F297
:106B5000982F9F7D95549330E0F08336A1F18337D1
:106B6000C1F1833509F063C02801F2E04F0E511CDA
:106B7000F801C080D180692D70E036FC02C06FEF53
:106B80007FEFC6010E9421374C01689437F88201DB
:106B90000AC00C5F1F4FFFE3F98388248394912C74
:106BA0006501E89437F833FE2DC0522C811491040E
:106BB00071F5552009F468CFB70180E290E00E949A
:106BC00037375A94F6CFF801808189830E5F1F4FC3
:106BD000E4CF2801F2E04F0E511CF801C080D180B3
:106BE000692D70E036FC02C06FEF7FEFC6010E9496
:106BF0002C374C018201D5CFB70180E290E00E9492
:106C000037372A942814190409F0B0F7CECFF601CB
:106C100037FC859137FE81916F01B70190E00E94AA
:106C2000373751105A94F1E08F1A9108BFCF84364C
:106C300019F0893609F077C0F80137FE6BC0608122
:106C40007181828193810C5F1F4FF32DFF763F2E60
:106C500097FF09C090958095709561957F4F8F4FF4
:106C60009F4F689437F82AE030E0A5010E9467370B
:106C7000C82ECA188C2C432C36FE0CC0E89440F861
:106C8000C91440F434FE05C032FC03C0F32DFE7E6F
:106C90004F2E892C44FEAAC0FE01EC0DF11D80810F
:106CA000803309F09CC0242D297E422E842D8870CB
:106CB000582E43FCAAC040FEA4C09C2C821418F499
:106CC0002C0C922C981844FEA6C0B70180E390E0EB
:106CD0000E94373742FE09C088E790E041FE02C0BB
:106CE00088E590E0B7010E943737C91408F49FC0C7
:106CF000CA94D12C9FEFC91AD90ACA0CDB1CF60121
:106D000082916F01B70190E00E943737AC14BD0447
:106D1000B1F74FCF60817181072E000C880B990B62
:106D20000E5F1F4F92CFD32CE894D4F82AE030E0C6
:106D30008537E1F1232D297FD22E8F36A9F1F0F48A
:106D4000883551F1F701868197812B960FB6F8941B
:106D5000DEBF0FBECDBFDF91CF911F910F91FF908E
:106D6000EF90DF90CF90BF90AF909F908F907F90EB
:106D70006F905F904F903F902F900895803749F02B
:106D8000883701F7D4FE02C06894D2F820E130E0E1
:106D90000DC06894D4F8F6CF34FE03C0822F86600D
:106DA000D82E20E132E002C028E030E0F801D7FE22
:106DB0000FC060817181828193810C5F1F4FA5019B
:106DC0000E946737C82ECA183D2CE89437F852CF76
:106DD0006081718190E080E00E5F1F4FF0CF42FC38
:106DE00002C0839463CF8394839460CF842D86788C
:106DF00009F45CCFF6CFB70180E290E00E9437370C
:106E000083948214C0F3512C5ECF522C58188214F4
:106E100008F459CFF8CF842D867809F466CF8BE239
:106E200041FE80E247FC8DE2B70190E05CCFB70104
:106E300080E390E00E9437379A9457CF8FEF9FEF0F
:106E400084CFFC010590615070400110D8F7809507
:106E500090958E0F9F1F0895FC0161507040019026
:106E60000110D8F7809590958E0F9F1F08950F936E
:106E70001F93CF93DF93182F092FEB018B8181FD97
:106E800009C01FEF0FEF812F902FDF91CF911F913E
:106E90000F91089582FF14C02E813F818C819D81C6
:106EA000281739073CF4E881F981CF0101969983CD
:106EB000888310838E819F8101969F838E83E3CF89
:106EC000E885F985812F1995892BA1F3DACFFA018D
:106ED000AA27283051F1203181F1E8946F936E7F19
:106EE0006E5F7F4F8F4F9F4FAF4FB1E03ED0B4E00A
:106EF0003CD0670F781F891F9A1FA11D680F791F4B
:106F00008A1F911DA11D6A0F711D811D911DA11D5B
:106F100020D009F468943F912AE0269F112430196B
:106F2000305D3193DEF6CF010895462F4770405D06
:106F30004193B3E00FD0C9F7F6CF462F4F70405DB5
:106F40004A3318F0495D31FD4052419302D0A9F710
:106F5000EACFB4E0A6959795879577956795BA950A
:106F6000C9F700976105710508959B01AC010A2ED0
:106F700006945795479537952795BA95C9F7620FA7
:106F8000731F841F951FA01D089514E0C8EED4E060
:106F900000E006C0802FFE010E94D9322196011D1B
:106FA000C93ED10780E00807A9F7F894FFCF000099
:106FB000A81480008025000000C20100000000002D
:106FC000F507CF06140754084507240737070000C4
:106FD00000002412000000000000000040163011E4
:106FE0005A110000010002000001140F2612090FBF
:106FF000970EF60E2A0E0B0EB80DB60EA40D810DCF
:10700000670D470DDF0C24110000000064117C1196
:107010000000000086118D11000000009712000092
:107020000000280FCF063C103C0F5D0F470F520F9A
:107030002510FC0F1110B00F680F260F0D0A00511C
:1070400075656374656C5F4243323630592D434E2B
:107050000045433830304B00726561645F6269748B
:107060007300726561645F696E7075745F626974E4
:107070007300726561645F696E7075745F726567D5
:1070800069737465727300726561645F72656769C4
:10709000737465727300496C6C6567616C206E6215
:1070A000206F662076616C75657320256420696E9B
:1070B00020257320286D6178202564290A00496CF9
:1070C0006C6567616C2064617461206164647265E1
:1070D000737320307825305820696E2025730A009C
:1070E000496C6C6567616C206461746120616464E3
:1070F0007265737320307825305820696E2077725E
:107100006974655F6269740A00496C6C6567616CDB
:1071100020646174612076616C756520307825305B
:107120005820696E2077726974655F626974207295
:107130006571756573742061742061646472657330
:1071400073202530580A00496C6C6567616C2064B7
:1071500061746120616464726573732030782530D6
:107160005820696E2077726974655F72656769730C
:107170007465720A00496C6C6567616C206E756D90
:10718000626572206F662076616C75657320256478
:1071900020696E2077726974655F62697473202854
:1071A0006D6178202564290A00496C6C6567616C03
:1071B0002064617461206164647265737320307847
:1071C00025305820696E2077726974655F62697432
:1071D000730A00496C6C6567616C206E756D626541
:1071E00072206F662076616C756573202564206956
:1071F0006E2077726974655F726567697374657212
:107200007320286D6178202564290A00496C6C651B
:1072100067616C206461746120616464726573737A
:1072200020307825305820696E2077726974655F48
:107230007265676973746572730A004C4D42332E30
:10724000312E3400496C6C6567616C206E62206F72
:10725000662076616C75657320285725642C205252
:1072600025642920696E2077726974655F616E6498
:107270005F726561645F72656769737465727320BC
:10728000286D6178205725642C20522564290A0036
:10729000496C6C6567616C20646174612072656122
:1072A00064206164647265737320307825305820DF
:1072B0006F7220777269746520616464726573739C
:1072C0002030782530582077726974655F616E646C
:1072D0005F726561645F7265676973746572730A72
:1072E00000556E6B6E6F776E204D6F646275732004
:1072F00066756E6374696F6E20636F64653A2030E3
:10730000782530580A004661696C656420746F20E6
:107310007374617274204D6F64627573205254559A
:1073200020436C69656E74210053756363657373E4
:1073300000436F6E6E656374696F6E20726566756B
:107340007365640050726F746F636F6C206E6F743E
:1073500020617661696C61626C6500496E76616C72
:10736000696420617267756D656E7400496C6C6547
:1073700067616C2064617461206164647265737319
:1073800000492F4F206572726F7200526573706FE3
:107390006E7365206E6F742066726F6D20726571FA
:1073A00075657374656420736C61766500546F6FE6
:1073B000206D616E79206461746100496E76616C44
:1073C000696420657863657074696F6E20636F64AB
:1073D0006500496E76616C6964206461746100497E
:1073E0006E76616C69642043524300546172676534
:1073F0007420646576696365206661696C656420E4
:10740000746F20726573706F6E6400476174657786
:107410006179207061746820756E617661696C6154
:10742000626C65004D656D6F727920706172697470
:1074300079206572726F72004E6567617469766556
:107440002061636B6E6F776C6564676500536C6178
:10745000766520646576696365206F722073657256
:1074600076657220697320627573790041636B6E73
:107470006F776C6564676500536C61766520646541
:1074800076696365206F7220736572766572206617
:1074900061696C75726500496C6C6567616C20642C
:1074A0006174612076616C756500556E6B6E6F77E7
:1074B0006E004E6F7420737570706F727465640027
:1074C000436F6E6E656374696F6E2074696D656479
:1074D000206F757400496C6C6567616C2066756E11
:1074E0006374696F6E004661696C656420746F2017
:0874F0007265616421200000B7
:020000040003F7
:10E000000D9489F10D94B2F10D94B2F10D94B2F129
:10E010000D94B2F10D94B2F10D94B2F10D94B2F1F0
:10E020000D94B2F10D94B2F10D94B2F10D94B2F1E0
:10E030000D94B2F10D94B2F10D94B2F10D94B2F1D0
:10E040000D94B2F10D94B2F10D94B2F10D94B2F1C0
:10E050000D94B2F10D94B2F10D94B2F10D94B2F1B0
:10E060000D94B2F10D94B2F10D94B2F10D94B2F1A0
:10E070000D94B2F10D94B2F10D94B2F10D94B2F190
:10E080000D94B2F10D94B2F10D94B2F10D94B2F180
:10E090000D94B2F10D94B2F10D94B2F10D94B2F170
:10E0A0000D94B2F10D94B2F10D94B2F10D94B2F160
:10E0B0000D94B2F10D94B2F10D94B2F10D94B2F150
:10E0C0000D94B2F10D94B2F10D94B2F10D94B2F140
:10E0D0000D94B2F10D94B2F10D94B2F10D94B2F130
:10E0E0000D94B2F141546D656761323536300041AF
:10E0F000726475696E6F206578706C6F72657220DE
:10E1000073746B3530305632206279204D4C530099
:10E11000426F6F746C6F616465723E004875683F52
:10E1200000436F6D70696C6564206F6E203D200048
:10E130004350552054797065202020203D20005FF9
:10E140005F4156525F415243485F5F3D2000415658
:10E1500052204C696243205665723D20004743437C
:10E160002056657273696F6E203D20004350552024
:10E1700049442020202020203D20004C6F7720663D
:10E18000757365202020203D20004869676820665F
:10E190007573652020203D200045787420667573D6
:10E1A00065202020203D20004C6F636B2066757336
:10E1B000652020203D20004D617220203720323024
:10E1C000313300312E362E3800342E332E350056A2
:10E1D00023202020414444522020206F7020636F70
:10E1E00064652020202020696E73747275637469E1
:10E1F0006F6E2061646472202020496E74657272B3
:10E20000757074006E6F20766563746F7200726A49
:10E210006D702020006A6D70200057686174207056
:10E220006F72743A00506F7274206E6F7420737541
:10E2300070706F72746564004D7573742062652030
:10E2400061206C6574746572002000577269747483
:10E25000696E672045450052656164696E672045B7
:10E26000450045452065727220636E743D00504F35
:10E27000525400303D5A65726F2061646472003FF1
:10E280003D43505520737461747300403D454550C3
:10E29000524F4D207465737400423D426C696E6B41
:10E2A000204C454400453D44756D70204545505215
:10E2B0004F4D00463D44756D7020464C415348001B
:10E2C000483D48656C70004C3D4C69737420492F83
:10E2D0004F20506F72747300513D51756974005234
:10E2E0003D44756D702052414D00563D73686F7707
:10E2F00020696E7465727275707420566563746FF0
:10E30000727300593D506F727420626C696E6B00BD
:10E310002A0011241FBECFEFD1E2DEBFCDBF01E046
:10E320000CBF12E0A0E0B2E0EEE1FDEF03E00BBFB6
:10E3300002C007900D92A030B107D9F712E0A0E01B
:10E34000B2E001C01D92AE30B107E1F70F9460F367
:10E350000D948DFE01E20EBF0FEF0DBF11241FBE05
:10E360000D9460F30D9400F020E030E040ED57E0B4
:10E3700005C0FA013197F1F72F5F3F4F2817390792
:10E38000C0F308959C01260F311DC901A0E0B0E043
:10E390002F5F3F4FABBFFC018791882361F08093D3
:10E3A000C6008091C00086FFFCCF8091C0008064D1
:10E3B0008093C000EACF08958DE08093C6008091DD
:10E3C000C00086FFFCCF8091C00080648093C000B5
:10E3D0008AE08093C6008091C00086FFFCCF8091C8
:10E3E000C00080648093C00008950F94C2F10F9420
:10E3F000DCF10895FC019081992359F09093C600B7
:10E400008091C00086FFFCCF8091C0008064809323
:10E41000C0003196992379F70895282F982F929567
:10E420009F70892F805D8A3308F0895F8093C600D2
:10E430008091C00086FFFCCF8091C00080648093F3
:10E44000C000822F8F70982F905D9A3308F0995FEB
:10E450009093C6008091C00086FFFCCF8091C000E1
:10E4600080648093C00008959C01FB01853691056E
:10E470001CF46330710594F0C90164E670E00F94F8
:10E480002EFE605D7F4F6093C6008091C00086FFC6
:10E49000FCCF8091C00080648093C0002B30310598
:10E4A00014F43297B4F0C90164E670E00F942EFEC4
:10E4B0006AE070E00F942EFE605D7F4F6093C600AF
:10E4C0008091C00086FFFCCF8091C0008064809363
:10E4D000C000C9016AE070E00F942EFEC0968093E0
:10E4E000C6008091C00086FFFCCF8091C000806490
:10E4F0008093C00008951F93182F8EE692EE60E07F
:10E500000F94C2F11093C6008091C00086FFFCCF2B
:10E510008091C00080648093C0000F94DCF11F9153
:10E5200008952F923F924F925F926F927F928F92B7
:10E530009F92AF92BF92CF92DF92EF92FF920F9392
:10E540001F93DF93CF93CDB7DEB762970FB6F894E2
:10E55000DEBF0FBECDBF382E622ECA01DB015C01CB
:10E560006D01772420E2222E2E010894411C511CBB
:10E570008BC081E0A81680E0B80681E0C80680E084
:10E58000D80628F0C601AA27BB270F940DF2BB2797
:10E59000AD2D9C2D8B2D0F940DF28A2D0F940DF225
:10E5A0002092C6008091C00086FFFCCF8091C00001
:10E5B00080648093C0009DE29093C6008091C0006B
:10E5C00086FFFCCF8091C00080648093C0002092C1
:10E5D000C6008091C00086FFFCCF8091C00080649F
:10E5E0008093C00019828601750188249924A1E0D6
:10E5F0003A1651F03A1620F0B2E03B1661F409C029
:10E600000BBFF701779007C0C7010F9477FE782EF4
:10E6100002C0F7017080872D0F940DF22092C60082
:10E620008091C00086FFFCCF8091C0008064809301
:10E63000C000872D8052F401EF70F0708F3520F408
:10E64000E40DF51D708204C0E40DF51D8EE280839B
:10E650000894E11CF11C011D111D0894811C911CE2
:10E6600090E18916910409F0C2CF80E190E0A0E02A
:10E67000B0E0A80EB91ECA1EDB1E198AC2010F9493
:10E68000FAF10F94DCF16A94662009F072CF629679
:10E690000FB6F894DEBF0FBECDBFCF91DF911F91B3
:10E6A0000F91FF90EF90DF90CF90BF90AF909F9031
:10E6B0008F907F906F905F904F903F902F90089534
:10E6C0002F923F924F925F926F927F928F929F9282
:10E6D000AF92BF92CF92DF92EF92FF920F931F9370
:10E6E000DF93CF93CDB7DEB7CD53D1400FB6F894BB
:10E6F000DEBF0FBECDBF01E20EBF0FEF0DBF94B75F
:10E70000F894A89514BE80916000886180936000A1
:10E7100010926000789493FF05C0E0910002F091A0
:10E7200001021995279A2F9A8091C00082608093E8
:10E73000C00080E18093C40088E18093C1000000A4
:10E74000EE24FF24870144E0A42EB12CCC24DD2448
:10E7500024C0C5010197F1F70894E11CF11C011DCB
:10E76000111D21E2E2162EE4F20620E0020720E06D
:10E77000120718F031E0C32ED12CC801B70127ECE5
:10E780003BE140E050E00F9441FE611571058105C9
:10E79000910519F485B1805885B98091C00087FD35
:10E7A00003C0C114D104A9F2A6014F5F5F4FC25E3E
:10E7B000DE4F59834883CE51D140C25EDE4F8881FF
:10E7C0009981CE51D140019711F00D9410FEC05D9A
:10E7D000DE4F19821882C053D14060E0C15DDE4F28
:10E7E0001882CF52D14088249924C35DDE4F19820C
:10E7F0001882CD52D140C05EDE4F188219821A8233
:10E800001B82C052D140CE5CDE4F188219821A8220
:10E810001B82C253D140EE24FF2487010BBFF701B6
:10E8200007911691C45CDE4F19830883CC53D14005
:10E830000D940BFEC25EDE4F28813981CE51D1404E
:10E840002130310509F52091C600C25EDE4F1982E4
:10E850001882CE51D14022C02F5F3F4F4F4F5F4FA4
:10E86000213082E138078AE7480780E0580780F0C6
:10E87000C45CDE4FE881F981CC53D140EF5FFF4F9C
:10E8800019F0EE27FF27099420E030E040E050E047
:10E890008091C00087FFE0CF2091C600C35DDE4FAE
:10E8A00048815981CD52D1404F5F5F4FC35DDE4FEC
:10E8B00059834883CD52D140213209F063C64A3092
:10E8C000510508F05FC60894811C911C53E0851621
:10E8D000910409F059C600E010E018C081E280936D
:10E8E000C6008091C00086FFFCCF8091C00080648C
:10E8F0008093C0002F5F3F4F2931310579F70F9486
:10E90000DCF10F5F1F4F0530110519F020E030E0FA
:10E91000E5CF10920A0210920B0210920C02109294
:10E920000D02109206021092070210920802109235
:10E930000902109202021092030210920402109235
:10E9400005028FEE90EE60E00F94F5F180E191EE1C
:10E9500060E00F94C2F18091C00087FFFCCF9091DE
:10E96000C600903608F09F759032B8F09093C600BC
:10E970008091C00086FFFCCF8091C00080648093AE
:10E98000C000A0E2A093C6008091C00086FFFCCF2B
:10E990008091C00080648093C000983409F4D7C18E
:10E9A0009934B8F4923409F459C1933458F490333B
:10E9B00019F1903308F4E3C59F33A1F1903409F0C5
:10E9C000DEC5BDC0953409F470C1963409F0D7C5D1
:10E9D00098C1923509F42BC2933538F49C3409F46C
:10E9E000F5C1913509F0CBC518C2963509F445C279
:10E9F000993509F0C4C567C483E792EE62E00F94CD
:10EA0000F5F110920602109207021092080210927D
:10EA1000090210920A0210920B0210920C0210923C
:10EA20000D0213C18FE792EE62E00F94F5F18FEEC5
:10EA300090EE60E00F94F5F181E291EE60E00F94CA
:10EA4000C2F187EB91EE60E00F94F5F180E391EE77
:10EA500060E00F94C2F184EE90EE60E00F94F5F167
:10EA60008FE391EE60E00F94C2F186E090E061E008
:10EA700070E00F9434F20F94DCF18DE591EE60E0DC
:10EA80000F94C2F189EC91EE60E00F94F5F18EE401
:10EA900091EE60E00F94C2F183EC91EE60E00F9490
:10EAA000F5F18CE691EE60E00F94C2F18EE10F94E7
:10EAB0000DF288E90F940DF281E00F940DF20F949E
:10EAC000DCF18BE791EE60E00F94C2F119E0E0E039
:10EAD000F0E010935700E4918E2F0F940DF20F94F5
:10EAE000DCF18AE891EE60E00F94C2F1E3E0F0E03F
:10EAF00010935700E4918E2F0F940DF20F94DCF1D8
:10EB000089E991EE60E00F94C2F1E2E0F0E0109349
:10EB10005700E4918E2F0F940DF20F94DCF188EAE8
:10EB200091EE60E00F94C2F1E1E0F0E01093570045
:10EB30001491812F0F940DF20F94DCF107CF8BE825
:10EB400092EE62E00F94F5F18BE492EE60E00F94A8
:10EB5000F5F10F94DCF100E010E019C0C8016F2D51
:10EB60000F947FFEFF2031F489E492EE60E00F9471
:10EB7000C2F10BC0F092C6008091C00086FFFCCFAE
:10EB80008091C00080648093C0000F5F1F4FC80158
:10EB900081519F41A0E0B0E0ABBFFC01F790BAE229
:10EBA000FB1621F0E2E000301E07C1F60F94DCF105
:10EBB0000F94DCF187E592EE60E00F94F5F10F948D
:10EBC000DCF1CC24DD2400E010E01EC0C8010F946D
:10EBD00077FEF82E882331F489E492EE60E00F94FA
:10EBE000C2F10BC08093C6008091C00086FFFCCFAD
:10EBF0008091C00080648093C000FE1419F00894D6
:10EC0000C11CD11C0F5F1F4FC80181519F41A0E063
:10EC1000B0E0ABBFFC01E790FAE2EF1621F022E092
:10EC20000030120799F60F94DCF10F94DCF182E6C4
:10EC300092EE60E00F94C2F1C60161E070E00F94C3
:10EC400034F20F94DCF10F94DCF110920202109276
:10EC50000302109204021092050278CE89E992EE26
:10EC600062E00F94F5F1279A2F9A16C02F9880E052
:10EC700090E0E0EDF7E03197F1F7019684369105E9
:10EC8000C1F72F9A80E090E0E0EDF7E03197F1F7DF
:10EC9000019684369105C1F78091C00087FFE6CFC9
:10ECA0008091C00087FFFCCF64C485EA92EE62E0E9
:10ECB0000F94F5F140910202509103026091040219
:10ECC0007091050281E020E10F9491F2809102029F
:10ECD00090910302A0910402B091050280509F4FD1
:10ECE000AF4FBF4F8093020290930302A0930402A0
:10ECF000B093050280509041A040B04008F426CE69
:10ED0000A4CF83EB92EE62E00F94F5F140910602FE
:10ED100050910702609108027091090280E020E1A1
:10ED20000F9491F28091060290910702A09108023F
:10ED3000B091090280509F4FAF4FBF4F80930602A2
:10ED400090930702A0930802B0930902FFCD80ECD4
:10ED500092EE62E00F94F5F183E792EE60E00F949B
:10ED6000F5F18FE792EE60E00F94F5F18BE892EE0B
:10ED700060E00F94F5F189E992EE60E00F94F5F10F
:10ED800085EA92EE60E00F94F5F183EB92EE60E09D
:10ED90000F94F5F180EC92EE60E00F94F5F187ECC2
:10EDA00092EE60E00F94F5F188ED92EE60E00F9442
:10EDB000F5F18FED92EE60E00F94F5F18AEE92EEB0
:10EDC00060E00F94F5F183E093EEBDCD87EC92EE19
:10EDD00062E00F94F5F181E40F947BF282E40F94EA
:10EDE0007BF283E40F947BF284E40F947BF285E45E
:10EDF0000F947BF286E40F947BF287E40F947BF20E
:10EE000088E40F947BF28AE40F947BF28BE40F94F6
:10EE10007BF28CE40F947BF299CD88ED92EE62E068
:10EE20000F94F5F1772473948824992409C48FED05
:10EE300092EE62E00F94F5F140910A0250910B02BC
:10EE400060910C0270910D0282E020E10F9491F22A
:10EE500080910A0290910B02A0910C02B0910D02D8
:10EE600080509F4FAF4FBF4F80930A0290930B0289
:10EE7000A0930C02B0930D0269CD8AEE92EE62E08F
:10EE80000F94F5F184EE90EE60E00F94F5F18FECC5
:10EE900091EE60E00F94F5F1662477244301CC5D98
:10EEA000DE4F19821882C452D140D401C301B695F5
:10EEB000A79597958795CA5DDE4F88839983AA8326
:10EEC000BB83C652D140CC5DDE4FA881B981C4520C
:10EED000D1401196CC5DDE4FB983A883C452D14096
:10EEE000CD0162E070E00F9434F2B0E2B093C6005E
:10EEF0008091C00086FFFCCF8091C0008064809329
:10EF0000C000EDE2E093C6008091C00086FFFCCF18
:10EF10008091C00080648093C000F0E2F093C6004E
:10EF20008091C00086FFFCCF8091C00080648093F8
:10EF3000C000CA5DDE4FE880F9800A811B81C6529D
:10EF4000D140BB27A12F902F8F2D0F940DF2CA5DBA
:10EF5000DE4F8881C652D1400F940DF2B0E2FB2EF5
:10EF6000F092C6008091C00086FFFCCF8091C00067
:10EF700080648093C0000DE30093C6008091C000C0
:10EF800086FFFCCF8091C00080648093C00010E2B7
:10EF90001093C6008091C00086FFFCCF8091C00016
:10EFA00080648093C0008BBEF3012791C65DDE4F65
:10EFB0002883CA52D140A22EBB24CC24DD2408943D
:10EFC000611C711C811C911C8BBEF3018791282E42
:10EFD0003324442455240894611C711C811C911C09
:10EFE0008BBEF3013791C55DDE4F3883CB52D140E4
:10EFF0000894611C711C811C911C8BBEF30147910C
:10F00000C45DDE4F4883CC52D140ADEFEA2EAFEF66
:10F01000FA2EAFEF0A2FAFEF1A2F6E0C7F1C801E57
:10F02000911E142D032DF22CEE24EA0CFB1C0C1D5A
:10F030001D1D0F940DF220E22093C6008091C000A8
:10F0400086FFFCCF8091C00080648093C000C65DC5
:10F05000DE4F8881CA52D1400F940DF230E23093D6
:10F06000C6008091C00086FFFCCF8091C000806404
:10F070008093C000C45DDE4F8881CC52D1400F9494
:10F080000DF240E24093C6008091C00086FFFCCFA5
:10F090008091C00080648093C000C55DDE4F888190
:10F0A000CB52D1400F940DF250E25093C6008091A4
:10F0B000C00086FFFCCF8091C00080648093C000B8
:10F0C0008FEFE8168FEFF80680E0080780E018075A
:10F0D00031F484E092EE60E00F94C2F1DFC0D80119
:10F0E000C7018070907CA070B0708050904CA040A0
:10F0F000B040D1F52FEF3FE340E050E0E222F322B1
:10F1000004231523CA5DDE4FA880B980CA80DB8046
:10F11000C652D140AE0CBF1CC01ED11EAA0CBB1CD7
:10F12000CC1CDD1C8EE092EE60E00F94C2F1BB2798
:10F13000A12F902F8F2D0F940DF28E2D0F940DF285
:10F1400030E23093C6008091C00086FFFCCF8091F2
:10F15000C00080648093C0004EE34093C60080915D
:10F16000C00086FFFCCF87C08EE09EEFA0E0B0E03D
:10F17000E822F9220A231B239CE0E91694E9F90608
:10F1800090E0090790E0190709F088C0C45DDE4FE0
:10F19000A881CC52D140EA2EFF2400E010E0102FCD
:10F1A0000F2DFE2CEE24C55DDE4FB881CB52D14031
:10F1B000EB0EF11C011D111DD601C501817090706F
:10F1C000A070B070DC0199278827E80EF91E0A1F8D
:10F1D0001B1F20EF30E040E050E0A222B322C42207
:10F1E000D52241E1AA0CBB1CCC1CDD1C4A95D1F7F1
:10F1F000EA0CFB1C0C1D1D1D81E090E0A0E0B0E0BE
:10F20000282239224A225B2235E1220C331C441C7D
:10F21000551C3A95D1F7E20CF31C041D151D57013E
:10F220006801AA0CBB1CCC1CDD1C85E192EE60E0E1
:10F230000F94C2F1C801AA27BB270F940DF2BB2778
:10F24000A12F902F8F2D0F940DF28E2D0F940DF274
:10F2500090E29093C6008091C00086FFFCCF809121
:10F26000C00080648093C000AEE3A093C60080918C
:10F27000C00086FFFCCF8091C00080648093C000F6
:10F28000C601AA27BB270F940DF2BB27AD2D9C2DDD
:10F290008B2D0F940DF28A2D0F940DF20F94DCF14B
:10F2A000CC5DDE4FE881F981C452D140F99709F471
:10F2B0004DCBF4E0EF2EF12C012D112D6E0C7F1CA7
:10F2C000801E911EF2CD83E093EE62E00F94F5F183
:10F2D0008AE192EE60E00F94C2F18091C00087FF56
:10F2E000FCCF1091C6001F751093C6008091C0001E
:10F2F00086FFFCCF8091C00080648093C0000F9493
:10F30000DCF1812F81548A3108F036C1163409F4BA
:10F3100095C0173490F4133409F44EC0143430F40B
:10F320001134F1F0123409F01DC130C0143409F465
:10F3300059C0153409F016C16BC01A3409F4C4C0A1
:10F340001B3438F4173409F48FC0183409F00AC19B
:10F35000A1C01B3409F4D2C01C3409F003C1E8C0B9
:10F360008FEF81B90DC082B1809582B980E090E0C5
:10F37000E0EDF7E03197F1F70196883C9105C1F790
:10F380008091C00087FFEFCF12B8EFC08FEF84B934
:10F390000DC085B1809585B980E090E0E0EDF7E0A3
:10F3A0003197F1F70196883C9105C1F78091C00033
:10F3B00087FFEFCF15B8D9C08FEF87B90DC088B1DF
:10F3C000809588B980E090E0E0EDF7E03197F1F7C3
:10F3D0000196883C9105C1F78091C00087FFEFCF6F
:10F3E00018B8C3C08FEF8AB90DC08BB180958BB9A7
:10F3F00080E090E0E0EDF7E03197F1F70196883C8E
:10F400009105C1F78091C00087FFEFCF1BB8ADC059
:10F410008FEF8DB90DC08EB180958EB980E090E0F0
:10F42000E0EDF7E03197F1F70196883C9105C1F7DF
:10F430008091C00087FFEFCF1EB897C08FEF80BBD1
:10F440000DC081B3809581BB80E090E0E0EDF7E0F6
:10F450003197F1F70196883C9105C1F78091C00082
:10F4600087FFEFCF11BA81C08FEF83BB0DC084B38C
:10F47000809584BB80E090E0E0EDF7E03197F1F714
:10F480000196883C9105C1F78091C00087FFEFCFBE
:10F4900014BA6BC08FEF809301010FC080910201FD
:10F4A00080958093020180E090E0E0EDF7E03197F5
:10F4B000F1F70196883C9105C1F78091C00087FF64
:10F4C000EDCF1092020151C08FEF809304010FC065
:10F4D0008091050180958093050180E090E0E0ED4A
:10F4E000F7E03197F1F70196883C9105C1F78091DB
:10F4F000C00087FFEDCF1092050137C08FEF8093DA
:10F5000007010FC08091080180958093080180E079
:10F5100090E0E0EDF7E03197F1F70196883C910536
:10F52000C1F78091C00087FFEDCF109208011DC088
:10F530008FEF80930A010FC080910B01809580931B
:10F540000B0180E090E0E0EDF7E03197F1F70196F4
:10F55000883C9105C1F78091C00087FFEDCF1092E4
:10F560000B0103C085E292EEEEC98091C00087FFD7
:10F57000FCCF8091C600EAC988E392EEE4C98CE131
:10F5800091EEE1C988249924933011F1943028F444
:10F59000913089F09230B8F408C0953061F195301F
:10F5A000F0F0963009F048C043C02B3109F042C951
:10F5B00091E06BE13FC96227C15DDE4F2883CF52E6
:10F5C000D14092E037C9B22FA0E0622793E032C960
:10F5D000822F90E0A82BB92B622794E02BC92E3004
:10F5E00009F039C3622795E0C05DDE4F19821882A9
:10F5F000C053D1401FC9E1E0F0E0EC0FFD1FC05D3A
:10F60000DE4F08811981C053D140E00FF11F2083E4
:10F610000F5F1F4FC05DDE4F19830883C053D14079
:10F6200062270A171B0709F005C9D80196E002C92D
:10F63000261709F010C303C0973009F0FBC87724E0
:10F640009981933109F412C19431C8F4963009F4C8
:10F65000D8C0973050F4923009F406C1933009F4C1
:10F660006DC0913009F059C253C0913109F477C08F
:10F67000923108F0BBC0903109F04FC2F5C098310B
:10F6800009F487C0993150F4953109F4EFC09531F0
:10F6900008F4C6C1963109F040C2C2C19A3109F4DA
:10F6A0006CC09A3108F491C09B3109F45BC09D3164
:10F6B00009F033C29D81903359F48F81882311F46E
:10F6C0009EE11CC0813011F091E018C098E916C08D
:10F6D000892F807591F0903539F4E0E0F0E089E011
:10F6E0008093570094910AC0983539F4E3E0F0E034
:10F6F00089E080935700949101C090E01A821B82A8
:10F700008D818C831D829E831F8227E030E009C299
:10F710001A8288E08B8381E48C8386E58D8382E581
:10F720008E8389E48F8383E5888780E589878FE5E9
:10F730008A8782E38B872BE030E0F3C18A818139AD
:10F7400041F0823941F0803911F48FE005C080E04A
:10F7500003C082E001C08AE01A828B8344C0772410
:10F76000739482C08D81882311F48EE12CC0813086
:10F7700011F081E028C088E926C01A82E1E0F0E0BB
:10F7800089E08093570084918B831C8224E030E0D1
:10F79000C8C18B81803589F48C81883039F4E2E0EE
:10F7A000F0E089E08093570084910DC0E0E0F0E044
:10F7B00089E080935700849106C0E3E0F0E089E09F
:10F7C0008093570084911A82DFCF8D81836C99E0FA
:10F7D000E1E0F0E0082E90935700E89507B600FCB2
:10F7E000FDCF1A821B8223E030E09BC180EC8A832C
:10F7F000CE5CDE4F188219821A821B82C253D1401E
:10F800008EC18A8190E0A0E0B0E0582F44273327D2
:10F8100022278B8190E0A0E0B0E0DC0199278827C7
:10F82000282B392B4A2B5B2B8D8190E0A0E0B0E098
:10F83000282B392B4A2B5B2B8C8190E0A0E0B0E089
:10F84000BA2FA92F982F8827282B392B4A2B5B2BCF
:10F85000220F331F441F551FC05EDE4F288339839C
:10F860004A835B83C052D1401A8259C13A81C95C34
:10F87000DE4F3883C753D140CA5CDE4F1882C6536F
:10F88000D1408B81C82EDD24CA5CDE4F488159816E
:10F89000C653D140C42AD52A933109F082C0CE5C28
:10F8A000DE4F88819981AA81BB81C253D1408050AB
:10F8B000904CA340B04030F583E0CE5CDE4FE88052
:10F8C000F9800A811B81C253D140F70100935B008C
:10F8D00080935700E89507B600FCFDCFCE5CDE4F65
:10F8E000088119812A813B81C253D14000501F4FAA
:10F8F0002F4F3F4FCE5CDE4F088319832A833B8313
:10F90000C253D140C05EDE4F488159816A817B81FC
:10F91000C052D140DE011B9631E08C9111962C91A2
:10F9200011971296C75CDE4F2883C953D140C85C3B
:10F93000DE4F1882C853D14090E0C85CDE4FE881AA
:10F94000F981C853D1408E2B9F2B0C01FA01609393
:10F950005B0030935700E89511244E5F5F4F6F4F67
:10F960007F4F0EEFE02E0FEFF02ECE0CDF1CC114F8
:10F97000D10499F685E0C05EDE4F088119812A81A5
:10F980003B81C052D140F80120935B008093570027
:10F99000E89507B600FCFDCF81E180935700E8951C
:10F9A00035C0C05EDE4F88819981AA81BB81C0527B
:10F9B000D140B695A795979587957C018601ABE0D8
:10F9C000AA2EB12CAC0EBD1E0BC0D5016D915D01F0
:10F9D000C7010F947FFE0894E11CF11C01501040F8
:10F9E0000115110591F7A60160E070E0440F551F65
:10F9F000661F771FC05EDE4FE880F9800A811B8199
:10FA0000C052D1404E0D5F1D601F711F1A82C05E33
:10FA1000DE4F488359836A837B83C052D1407FC0C5
:10FA2000FA80C55CDE4FF882CB53D140C65CDE4F16
:10FA30001882CA53D1408B81C82EDD24C65CDE4FAC
:10FA400008811981CA53D140C02AD12A1A828981DA
:10FA5000BE016D5F7F4F843121F59601C05EDE4FA0
:10FA6000E880F9800A811B81C052D1400BBFF701A9
:10FA700087919691DB018C9311969C936E5F7F4FDB
:10FA8000D801C7010296A11DB11DC05EDE4F88835B
:10FA90009983AA83BB83C052D14022503040F1F6F3
:10FAA00036C0C05EDE4F288139814A815B81C052F9
:10FAB000D1400894C108D108760100E010E0089414
:10FAC000C11CD11C0894E11CF11C011D111DE20E8A
:10FAD000F31E041F151F21BDBB27A52F942F832FB5
:10FAE00082BD2F5F3F4F4F4F5F4FF89A80B5DB01CC
:10FAF0008D93BD012E153F054007510761F7C05E8C
:10FB0000DE4F288339834A835B83C052D1409601FC
:10FB10002D5F3F4FFB01108204C080EC8A8322E0FE
:10FB200030E08BE18093C6008091C00086FFFCCF5F
:10FB30008091C00080648093C000C15DDE4FF88179
:10FB4000CF52D140F093C6008091C00086FFFCCF19
:10FB50008091C00080648093C000432F3093C60022
:10FB60008091C00086FFFCCF8091C00080648093AC
:10FB7000C000922F2093C6008091C00086FFFCCF6A
:10FB80008091C00080648093C0008EE08093C600A6
:10FB90008091C00086FFFCCF8091C000806480937C
:10FBA000C00065E1C15DDE4FE880CF52D1406E25D7
:10FBB00069276427FE01319610C090819093C6009A
:10FBC0008091C00086FFFCCF31968091C000806498
:10FBD0008093C0006927215030402115310569F715
:10FBE0006093C6008091C00086FFFCCF8091C0006A
:10FBF00080648093C00085B1805885B9772081F4F6
:10FC0000C15DDE4F0881CF52D1400F5FC15DDE4F35
:10FC10000883CF52D14090E0A0E0B0E00D941AF4F8
:10FC200027982F9880E090E020ED37E0F901319798
:10FC3000F1F7019684369105C9F700008091C00064
:10FC40008D7F8093C00081E180935700E895EE2777
:10FC5000FF270994FFCF90E00D941AF497FB092E2B
:10FC600007260AD077FD04D02ED006D000201AF443
:10FC7000709561957F4F0895F6F7909581959F4F08
:10FC80000895A1E21A2EAA1BBB1BFD010DC0AA1FDD
:10FC9000BB1FEE1FFF1FA217B307E407F50720F0F5
:10FCA000A21BB30BE40BF50B661F771F881F991F70
:10FCB0001A9469F760957095809590959B01AC01B9
:10FCC000BD01CF010895AA1BBB1B51E107C0AA1FAC
:10FCD000BB1FA617B70710F0A61BB70B881F991FED
:10FCE0005A95A9F780959095BC01CD010895F99991
:10FCF000FECF92BD81BDF89A992780B50895262F31
:10FD0000F999FECF1FBA92BD81BD20BD0FB6F89400
:0EFD1000FA9AF99A0FBE01960895F894FFCF63
:00000001FF
