:020000040000FA
:100000000C9486050C94B7050C94B7050C94B705B1
:100010000C94B7050C94B7050C94B7050C94B70570
:100020000C94B7050C94B7050C94B7050C94B70560
:100030000C94B7050C94B7050C94B7050C94B70550
:100040000C94B7050C94B7050C94B7050C94B70540
:100050000C94B7050C94B7050C94B7050C949D1B34
:100060000C94B7050C94B91C0C948F1C0C94B70518
:100070000C94B7050C94B7050C94B7050C94B70510
:100080000C94B7050C94B7050C94B7050C94B70500
:100090000C94651C0C943B1C0C94B7050C94B70590
:1000A0000C94B7050C94B7050C94B7050C94B705E0
:1000B0000C94B7050C94B7050C94B7050C94B705D0
:1000C0000C94B7050C94B7050C94B7050C94B705C0
:1000D0000C94B7050C94B7050C94111C0C94E71BF9
:1000E0000C94B7050C9467060C9418080C948707B9
:1000F0000C949C280C94DF100C9453060C947E28CE
:100100000C94D70F0C9496280C942D060C94D30CB9
:100110000C9432080C9493100C9487280C94EC0ED9
:100120000C940B0F0C948D280C948A280C94440684
:100130000C9490280C947C070C94780F0C94660C0B
:100140000C9459060C94850E0C94620E0C94CB08FA
:100150000C941D0D0C9449100C94D90C0C94C00DEA
:100160000C9471130C946A0D0C9482190C94710602
:100170000C9499280C9432060C9481280C94221724
:100180000C943E130C94EA0F0C9428100C947906EE
:100190000C9484280C94990E0C94D60C0C94CC28B6
:1001A0000C9493280C94280E0C94E8110C9450068F
:1001B0000C9463060C94910D0C943E100C94CF2873
:1001C0000C949F280C94510D0C9404190C9433102A
:1001D0000C9408110C944C060C947B280C94B50DCF
:1001E0000C941D100C94BF0C0C942F1D0C94B31781
:1001F0000C945D060C94E31C0C94480E0C94D519D9
:100200000C9406080C941F110C9460130C94970F17
:100210000C948C070C947B130C940B180C94830691
:100220000C94B3190C9486150C9442160C947D13FF
:100230000C948A1B0C94211A0C949B0C0C9475063C
:100240000C9448060C9408130C946A130C944018F0
:100250000C9414130C9407100C947F060C9435091D
:100260000C9409100C94F4100C947D260C944813F3
:100270000C94F50F0C946B0600407A10F35A00A012
:10028000724E18090010A5D4E80000E8764817005F
:1002900000E40B54020000CA9A3B000000E1F5059F
:1002A000000080969800000040420F000000A086E9
:1002B00001000000102700000000E803000000001B
:1002C0006400000000000A000000000001000000BF
:1002D00000002C76D888DC674F0823DFC1DFAE59D9
:1002E000E1B1B796E5E3E453C63AE651997696E86C
:1002F000E6C28426EB898C9B62ED407C6FFCEFBCF0
:100300009C9F40F2BAA56FA5F490055A2AF75C931A
:100310006B6CF9676DC11BFCE0E40D47FEF520E650
:10032000B500D0ED902E0300943577050080841E33
:10033000080000204E0A000000C80C333333330F8E
:10034000986E12831141EF8D2114893BE65516CF2B
:10035000FEE6DB18D1844B381BF77C1D901DA4BB37
:10036000E424203284725E228100C9F124ECA1E5EC
:100370003D2700C0C101C30302C2C60607C705C5A9
:10038000C404CC0C0DCD0FCFCE0E0ACACB0BC909BD
:1003900008C8D81819D91BDBDA1A1EDEDF1FDD1DCD
:1003A0001CDC14D4D515D71716D6D21213D311D1FD
:1003B000D010F03031F133F3F23236F6F737F5354D
:1003C00034F43CFCFD3DFF3F3EFEFA3A3BFB39F97D
:1003D000F83828E8E929EB2B2AEAEE2E2FEF2DED4D
:1003E000EC2CE42425E527E7E62622E2E323E121BD
:1003F00020E0A06061A163A3A26266A6A767A565CD
:1004000064A46CACAD6DAF6F6EAEAA6A6BAB69A93C
:10041000A86878B8B979BB7B7ABABE7E7FBF7DBD4C
:10042000BC7CB47475B577B7B67672B2B373B1717C
:1004300070B050909151935352929656579755954C
:1004400094549C5C5D9D5F9F9E5E5A9A9B5B9959FC
:100450005898884849894B8B8A4A4E8E8F4F8D4DCC
:100460004C8C44848545874746868242438341813C
:10047000804000C1814001C0804101C0804100C175
:10048000814001C0804100C1814000C1814001C064
:10049000804101C0804100C1814000C1814001C054
:1004A000804100C1814001C0804101C0804100C144
:1004B000814001C0804100C1814000C1814001C034
:1004C000804100C1814001C0804101C0804100C124
:1004D000814000C1814001C0804101C0804100C114
:1004E000814001C0804100C1814000C1814001C004
:1004F000804101C0804100C1814000C1814001C0F4
:10050000804100C1814001C0804101C0804100C1E3
:10051000814000C1814001C0804101C0804100C1D3
:10052000814001C0804100C1814000C1814001C0C3
:10053000804100C1814001C0804101C0804100C1B3
:10054000814001C0804100C1814000C1814001C0A3
:10055000804101C0804100C1814000C1814001C093
:10056000804100C1814001C0804101C0804100C183
:1005700081400D0A3D3D3D204E42494F5420535489
:10058000415254203D3D3D005B537472696E6720BB
:100590005370616365204E4F54204F4B5D005B5399
:1005A0007472205370616365204F4B5D00002B51C6
:1005B0004D54524543563A00302C312C302C3000EB
:1005C0002B514D545355423A00302C302C30002BD7
:1005D000514D545055423A00300030003939002C0A
:1005E000003A20002B4353513A00302C31002B436A
:1005F000455245473A0031002B43474154543A0095
:100600002F6F75742C300041542B514D545355426B
:100610003D302C312C7267742F002C747377682C4A
:1006200031576F3D5B367641306D0041542B514D53
:1006300054434F4E4E3D302C6465765F002B43474C
:10064000534E3A000D0A46494E49534820524547F9
:10065000554C4152205055424C495348002B514D66
:10066000545055423A20302C302C30003E000D0AB8
:1006700046494E4953482047455454494E47204324
:1006800045524547002B43455245473A000D0A461F
:10069000494E4953482047455454494E4720434703
:1006A000415454002B43474154543A000D0A4649E3
:1006B0004E4953482047455454494E4720435351CF
:1006C000002B4353513A000D0A53554220544F50CA
:1006D0004943204F4B002B514D545355423A000D86
:1006E0000A434F4E4E4543544544204D5154540007
:1006F0002B514D54434F4E4E3A20302C302C30006D
:100700000D0A4F50454E4544204D515454002B5135
:100710004D544F50454E3A20302C30000D0A46497A
:100720004E4953482047455454494E47204345526B
:100730004547002B43455245473A000D0A46494E6E
:100740004953482047455454494E47204347415454
:1007500054002B43474154543A000D0A46494E4930
:1007600053482047455454494E4720435351002B8A
:100770004353513A000D0A46494E495348205345C8
:10078000545550000D0A46494E4953482057414997
:1007900054494E47204950002B49503A005B534F73
:1007A00046545F52455345545D000D0A4558454334
:1007B00055544520524547554C4152205055424CC6
:1007C0004953480041542B43455245473F000D0AC9
:1007D0005B434F4E4E45435445445D205155455271
:1007E00059494E472043455245470041542B434702
:1007F0004154543F000D0A5B434F4E4E4543544510
:10080000445D205155455259494E47204347415474
:10081000540041542B435351000D0A5B434F4E4E3D
:1008200045435445445D205155455259494E472052
:10083000435351000D0A46494E49534820494E49F9
:1008400054204E42494F54000D0A535542534352CF
:1008500042494E4720544F5049432E2E2E000D0A38
:10086000434F4E4E454354494E47204D5154542E0C
:100870002E2E0041542B514D544F50454E3D302C9F
:10088000696F742E7265632D67742E636F6D2C31E2
:10089000383830000D0A4F50454E494E47204D51D3
:1008A00054542E2E2E0041542B43455245473F00B1
:1008B0000D0A47455454494E472043455245470089
:1008C00041542B43474154543F000D0A474554546B
:1008D000494E472043474154540041542B43535100
:1008E000000D0A47455454494E4720435351004197
:1008F000542B514D54444953433D300041542B51E6
:100900004D54434C4F53453D300041542B434544D7
:100910005258533D302C350041542B4353434F4ED6
:100920003D300041542B4350534D533D3000415412
:100930002B5153434C4B3D300041542B4346554EB5
:100940003D31000D0A53455454494E47205550201F
:100950004E42494F540041542B5149444E53434653
:10096000473D302C3232332E352E352E352C382E55
:10097000382E382E380041542B5153434C4B3D30C8
:100980000041542B4347534E3D31000D0A576169D6
:1009900074696E67204950000000000000000000EC
:1009A00000002C002F696E2C0041542B514D5450E7
:1009B00055423D302C302C302C302C7267742F0077
:1009C0007D005D002C002C002C005B0022616F7507
:1009D00074223A002C005D002C002C002C002C000E
:1009E0002C002C002C002C002C002C002C005B0078
:1009F0002261696E223A002C007B22637371223AD5
:100A00000000002100240027002A002D00300033C0
:100A10000001010000040107010A01000022002575
:100A20000028002B002E00310034000201000005D8
:100A30000108010B0105050505070508080808025E
:100A40000202020A0A080804040404010101010167
:100A50000101010303030303030303040707070C56
:100A60000C0C0C0C0C0C0C0202020206060606060C
:100A70000606060B0B0B0B0B0B0B0B0102102020B9
:100A800008081020401020408002010201080402E2
:100A90000101020408102040808040201008040258
:100AA00001800402018040201008040201080402B1
:100AB00001010204081020408001020408102040B7
:100AC0008000000A0B02090C0D0E08070304010048
:100AD0000000000000000000000000000000000016
:100AE00000000000000000000000000000121110D3
:100AF00000000000000000000000000000000000F6
:100B000000000000000000002F1DE31C11241FBE88
:100B1000CFEFD1E2DEBFCDBF00E00CBF26E1AAE6F9
:100B2000B8E001C01D92AD37B207E1F718E0A0E0D0
:100B3000B2E0E4E5FCE600E00BBF02C007900D92D6
:100B4000AA36B107D9F715E0C5E8D5E000E006C040
:100B500021970109802FFE010E942C31C438D10752
:100B600080E00807A9F70E94491F0C9418360C94DE
:100B700000002091E4113091E511121613065CF487
:100B80008091DC119091DD1197FD05C082309105B7
:100B900034F004971CF16FEF7FEFCB010895E091E3
:100BA000E211F091E3118091E6119091E711E80FC5
:100BB000F91F608170E090E080E0215031093093AE
:100BC000E5112093E4112091E6113091E7112F5F98
:100BD0003F4F3093E7112093E61108958091E6117D
:100BE0009091E711880F991FE091E211F091E311C4
:100BF000E80FF91F60817181DECF282F30E0F90105
:100C0000EF53F54F9491F901E558F54F44912B5C62
:100C1000354FF9012491222309F435C0992311F1AC
:100C200091509231F8F4E92FF0E08827E55EF94F12
:100C30008F4F0C942C314C0650062D064406480666
:100C40003206530659065D06630667066B06710693
:100C50007506320679067F068306809180008F77BD
:100C600080938000E22FF0E0EE0FFF1FE55EF54F6E
:100C7000A591B4918FB7F894EC91611148C040955B
:100C80004E234C938FBF0895809180008F7DE8CFD5
:100C900080918000877FE4CF84B58F7784BDE2CFD9
:100CA00084B58F7DFBCF8091B0008F778093B000AB
:100CB000D9CF8091B0008F7DF9CF809190008F7750
:100CC00080939000CFCF809190008F7DF9CF80915D
:100CD0009000877FF5CF8091A0008F778093A00050
:100CE000C1CF8091A0008F7DF9CF8091A000877F38
:100CF000F5CF809120018F7780932001B3CF809131
:100D000020018F7DF9CF80912001877FF5CF4E2B79
:100D1000B8CFCF93DF9390E0FC01E558F54F2491D5
:100D20008B5C954FFC0184918823D1F090E0880F73
:100D3000991FFC01EF5FF54FA591B491FC01E55EB1
:100D4000F54FC591D49161110EC09FB7F8948C9165
:100D5000E22FE0958E238C932881E223E8839FBFC6
:100D6000DF91CF9108958FB7F894EC91E22BEC933B
:100D70008FBFF6CF8230910538F0880F991F880F0A
:100D8000991F05970197F1F708953FB7F89480915F
:100D9000B5089091B608A091B708B091B80826B5EB
:100DA000A89B05C02F3F19F00196A11DB11D3FBFA3
:100DB000BA2FA92F982F8827BC01CD01620F711D72
:100DC000811D911D42E0660F771F881F991F4A956C
:100DD000D1F708958F929F92AF92BF92CF92DF92F8
:100DE000EF92FF926B017C010E94C5064B015C01F2
:100DF000C114D104E104F104B9F00E94C5066819D8
:100E000079098A099B09683E73408105910580F341
:100E100021E0C21AD108E108F10888EE880E83E0CB
:100E2000981EA11CB11CE4CFFF90EF90DF90CF90F3
:100E3000BF90AF909F908F9008952FB7F8946091D6
:100E4000B1087091B2088091B3089091B4082FBF97
:100E500008958F929F92AF92BF92CF92DF92EF92BE
:100E6000FF926B017C010E941D0780905F119090A2
:100E70006011A0906111B09062119B01AC01281922
:100E800039094A095B0949015A01809163118111AD
:100E90000DC00E941D0760935F11709360118093D5
:100EA00061119093621181E080936311C814D90499
:100EB000EA04FB0410F4109263110E941D07809055
:100EC0005F1190906011A0906111B090621168194B
:100ED00079098A099B0921E0C616D706E806F906B2
:100EE00008F020E0822FFF90EF90DF90CF90BF902E
:100EF000AF909F908F900895FC01218D328D838D4E
:100F0000948DA901481B590BCA019170089581E085
:100F100080936B0808950895AF92BF92CF92DF92AD
:100F2000EF92FF920F931F93CF93DF936C017B019E
:100F30008B01040F151FEB015E01AE18BF08C0172F
:100F4000D10759F06991D601ED91FC910190F081A2
:100F5000E02DC6011995892B79F7C501DF91CF9155
:100F60001F910F91FF90EF90DF90CF90BF90AF90C7
:100F700008952091071230910812809109129091E2
:100F80000A12281B390B317081E0232B09F480E011
:100F900008952091240D3091250D8091260D90917A
:100FA000270D281B390B317081E0232B09F480E0D9
:100FB00008952091E4083091E5088091E608909129
:100FC000E708281B390B317081E0232B09F480E0FE
:100FD0000895FC01A089B1898C91A689B78982FD09
:100FE00013C02C91818D928D01969170438D548DFB
:100FF0008417950751F0A18DB28DAE0FBF1F91964A
:101000002C93928F818F08958C9108954FB7F89407
:10101000FC01258D368D878D90A14FBF281739078C
:1010200028F081509E4F821B930B08950197FBCFB0
:10103000FC01218D328D838D948D2817390779F02D
:10104000A38DB48DAE0FBF1F91968C91238D348DDF
:101050002F5F3F4F3170348F238F90E008958FEFD3
:101060009FEF0895FC01218D328D838D948D28177B
:10107000390739F0838D948DE80FF91F81A190E035
:1010800008958FEF9FEF0895CF92DF92EF92FF9236
:101090001F93CF93DF93EC016A017B01122FE88944
:1010A000F98982E08083C11481EED806E104F1045D
:1010B000A1F060E079E08DE390E0A70196010E9445
:1010C0000A31215031094109510956954795379503
:1010D0002795211580E1380798F0E889F989108271
:1010E00060E874E88EE190E0A70196010E940A3161
:1010F0002150310941095109569547953795279552
:10110000EC85FD853083EE85FF852083188EEC8984
:10111000FD891083EA89FB89808180618083EA8967
:10112000FB89808188608083EA89FB89808180686F
:101130008083EA89FB8980818F7D8083DF91CF91D5
:101140001F91FF90EF90DF90CF900895FC01A78D45
:10115000B0A1A80FB91FAF5DBD4F2C91878D90A195
:101160000196917090A3878FA689B7892C93A08947
:10117000B1898C91837080648C93258D368D878D99
:1011800090A12817390731F40288F389E02D808176
:101190008F7D80830895FF920F931F93CF93DF93EA
:1011A000EC0181E0888F2D8D3E8D8F8D98A12817C1
:1011B0003907C9F4E889F989808185FF14C09FB790
:1011C000F894EE89FF896083E889F98980818370CA
:1011D000806480839FBF81E090E0DF91CF911F9179
:1011E0000F91FF900895F62E0D8D1E8D0F5F1F4FEE
:1011F00011708F8D98A18017910761F40FB607FCCD
:10120000F8CFE889F989808185FFF3CFCE010E946C
:10121000A608EFCFED8DFE8DEC0FFD1FEF5DFD4FAE
:10122000F0829FB7F8941E8F0D8FEA89FB89808129
:101230008062CFCF0F931F93CF93DF938C01D0E0C9
:10124000C0E0F801EC0FFD1F6491662341F08BECC8
:1012500098E00E94CB08892B11F02196F2CFCE01A5
:10126000DF91CF911F910F910895CF93DF93EC0100
:10127000888D8823B9F0AA89BB89E889F9898C917E
:1012800085FD03C0808186FD0DC00FB607FCF7CF3A
:101290008C9185FFF2CF808185FFEDCFCE010E943A
:1012A000A608E9CFDF91CF91089580E090E0892BE7
:1012B00029F00E94D90781110E94000080E090E08F
:1012C000892B29F00E94C90781110E94000080E04B
:1012D00090E0892B49F080E090E0892B29F00E9472
:1012E000000081110E94000080E090E0892B29F02D
:1012F0000E94B90781110C9400000895009741F0F5
:10130000DC015896ED91FC9104A0F5A1E02D199413
:101310000895009741F0DC015896ED91FC91068C00
:10132000F78DE02D19940895009741F0DC0158964F
:10133000ED91FC91048CF58DE02D199486E190E0FF
:1013400090937216809371168FEF9FEF0895009718
:1013500041F0DC015896ED91FC9100A0F1A1E02D47
:10136000199486E190E090937216809371168FEF36
:101370009FEF0895CF93DF93EC01288539854A8547
:101380005B85A8EEB3E00E944A300E94EA068C8595
:101390009D85DF91CF910C94BA062F923F924F9288
:1013A0005F926F927F928F929F92AF92BF92CF92F5
:1013B000DF92EF92FF920F931F93CF93DF9300D0B2
:1013C00000D000D01F92CDB7DEB77C013B012A01CF
:1013D000DC015896ED91FC915997028113810F5FC2
:1013E0001F4F312C212C452BB1F018968D919D91DA
:1013F0000D90BC91A02D89839A83AB83BC83F701A8
:1014000084859585A685B7858D839E83AF83B887B0
:10141000CE0101961C01D12CC12C912C812CD7011D
:101420005896ED91FC910115110549F4008CF18D50
:10143000E02DA401B301C70119955C0129C002A0E8
:10144000F3A1E02D9801A101BE01675F7F4FC701A5
:1014500019955C01D7019FEFA916B906F1F516960B
:101460008C9181FD04C0AA24AA94BA2C11C00091C9
:101470007116109172160437110521F5C7010E94EB
:10148000BA09C7010E94A70910937216009371163A
:10149000C5012A960FB6F894DEBF0FBECDBFDF910F
:1014A000CF911F910F91FF90EF90DF90CF90BF9061
:1014B000AF909F908F907F906F905F904F903F90F4
:1014C0002F900895023FBDE21B07F1F6C7010E946D
:1014D0008909C7010E949409D7CF5896ED91FC91D4
:1014E0000688F789E02DA801B301680D791DC701B1
:1014F00019956115710509F582EF9DE290937216B9
:1015000080937116F701868181FFADCF009171162E
:1015100010917216023FFDE21F0721F00F361105F0
:1015200009F0A1CFC7010E948909C7010E9494094F
:10153000109372160093711696CF6F3F760711F3D2
:10154000860E971E061B170B09F099C0D7015896F7
:10155000ED91FC91C114D10441F0CA94CD2809F455
:1015600057C082E0C82ED12C5ACFA281B381A60DDC
:10157000B71D8C9141145104B9F490E08730910566
:10158000D4F09C012F5031092230310508F47CC081
:101590008631910509F47EC04797D1F5CC24C394D8
:1015A000D12C09E010E015C0813158F48F3018F4C7
:1015B0008550823048F4CC24C394D12C04E010E050
:1015C00008C0863109F466C0CC24C394D12C01E054
:1015D00010E0F7014089518962897389848995896E
:1015E000A689B789411551056105710529F4009750
:1015F000A105B10509F413CF49835A836B837C831A
:101600008D839E83AF83B887CE0101961C0107CFDF
:10161000A281B381A60DB71D8C914114510401F52F
:101620008F3020F08131A8F08731B9F08481958125
:10163000080F191F9401200F311F8681978182178F
:101640009307D4F48FEE9BE29093721680937116F9
:101650000ACF15960C9110E0E9CF19960C91FBCFAB
:1016600090E0853091052CF08131910511F047977C
:10167000E9F611960C91EFCF52E0C52ED12C101641
:1016800011060CF4A6CFCBCECC24C394D12C05E00C
:1016900010E09FCFCC24C394D12C06E010E099CF6A
:1016A000AF92BF92CF92DF92EF92FF920F931F9370
:1016B000CF93DF93EC017B01E88DF98D0088F189F0
:1016C000E02DBA01C70119958C01E88DF98D0288CA
:1016D000F389E02DA801B701CE0119956B018FEFB9
:1016E000C816D806C9F48E8181FF16C0A090711665
:1016F000B090721682EFA8168DE2B80679F5CE0189
:101700000E948909CE010E94BA09CE010E94940963
:10171000B0927216A09271168E8181FF04C08FEF75
:10172000C816D80691F21C141D0464F40C151D058E
:1017300049F08FEE9BE29093721680937116CC2441
:10174000CA94DC2CC601DF91CF911F910F91FF90BD
:10175000EF90DF90CF90BF90AF900895CE010E94A0
:10176000BA09CE010E94A709D3CF5F926F927F92F0
:101770008F929F92AF92BF92CF92DF92EF92FF92A1
:101780000F931F93CF93DF93CDB7DEB7C051D140F6
:101790000FB6F894DEBF0FBECDBF6C01602E512E88
:1017A000DC015896ED91FC910284F385E02D8E01C9
:1017B0000B5F1E4F1995AC01B801C6010E94500B7A
:1017C0007C0118161906D4F541E050E0BE016F5FA8
:1017D0007F4FC6010E94CD095C018F3F980721F41D
:1017E000EE24EA94FE2C2AC0D6015896ED91FC9185
:1017F0000281138188248394912C8C0E9D1E800E6F
:10180000911ED4017C90028CF38DE02D309771F104
:101810009C01AE014F5F5F4FBE016B5F7E4FC60103
:1018200019957C01019611F5F601868182FFD8CFCA
:10183000C6010E94BA09C6010E94A709C701C05F7C
:10184000DE4F0FB6F894DEBF0FBECDBFDF91CF9154
:101850001F910F91FF90EF90DF90CF90BF90AF90CE
:101860009F908F907F906F905F900895F601A08D6C
:10187000B18D12964D915C911397E5E0F1E0EC0F7C
:10188000FD1FE40FF51FE081E150E73108F08BC048
:10189000F0E08827E15BF34F8F4F0C942C319B0CC9
:1018A0009B0CBF0CBF0CD30CD30C660CD30CD30C0D
:1018B000D30CD30CD30CD30CD30CD30CD30CD90C2A
:1018C000D30CD30CD30CD30CD60CBF0C83E090E01C
:1018D000840F951F14966D917C911597860F971F15
:1018E00077FE6DC014968D919C91800F911F02968A
:1018F000A816B90609F060C0E5E0F1E0EC0FFD1FA5
:10190000E00FF11F2081D4018C918058990B28178A
:10191000190609F051C0FE01E00FF11F828190E02D
:101920008C3091050CF048C08E51944D90937216F6
:101930008093711655CFE8E0F1E0EC0FFD1FE40F46
:10194000F51F2081E9E0F1E0EC0FFD1FE40FF51F2A
:101950008081322F282FC90137FD079663E09595C6
:1019600087956A95E1F702962770332761E070E06A
:10197000232B11F470E060E0860F971FA9CFE8E0F9
:10198000F1E0EC0FFD1FE40FF51F8081E9E0F1E0CD
:10199000EC0FFD1FE40FF51F6081982F862F019635
:1019A000880F991F95CF85E090E092CF87E090E077
:1019B0008FCF8FEF9FEF94CF80EF9BE2B7CFA8162A
:1019C000B90611F0019649F4E5E0F1E0EC0FFD1FD6
:1019D000E00FF11F8081781669F0F601868182FFA1
:1019E00006C0C6010E94BA09C6010E94A7098FEE6F
:1019F0009BE29CCFEFEFE70DE73108F0B6C0F0E0D7
:101A00008827EA5FF24F8F4F0C942C311D0D1D0D6E
:101A1000510D510DB50DB50DB50DB50DB50DB50D7E
:101A2000B50DB50DB50DB50D6A0D6A0D910DB50D60
:101A3000B50DB50DB50DB50D510DE8E0F1E0EC0FAC
:101A4000FD1FE00FF11F2081822F90E0982F882743
:101A5000E9E0F1E0EC0FFD1FE00FF11F2081280FFE
:101A6000392F311DC90137FD0796E3E0959587951C
:101A7000EA95E1F72770332761E070E0232B11F43A
:101A800070E060E0860F971FFE01E00FF11FE2801B
:101A9000F12C8E159F0509F46EC0D60116968C9117
:101AA0009ECFE8E0F1E0EC0FFD1FE00FF11F808119
:101AB00090E0982F8827E9E0F1E0EC0FFD1FE00FA0
:101AC000F11F2081820F911DFE01E00FF11FE280C6
:101AD000E694DECF98012D5F3F4F0C5F1F4FE5E08E
:101AE000F1E0EC0FFD1FE20FF31F808190E0982FD3
:101AF0008827E5E0F1E0EC0FFD1FE00FF11F6081AA
:101B0000860F911D61E070E06C0F7D1F260F371F5F
:101B1000D901EC90060F171FF8012081FE2CE22E50
:101B2000B8CFFE01E00FF11FE280F12CE62DF52D7C
:101B300090E080E021E030E02C0F3D1F420F531F6A
:101B40008E159F050CF07ACEDC01AA0FBB1FA40FE7
:101B5000B51F12962C91129713963C91232732278A
:101B60002327219331930196EBCFEE24E394F12CBC
:101B700081E090E08ECFFFEFEF16FF06B9F630CE92
:101B80006F927F928F929F92AF92BF92CF92DF928D
:101B9000EF92FF920F931F93CF93DF93FA01890186
:101BA000DC015A966D907C90C12CD12C7601309737
:101BB000C1F02081318142815381A8EEB3E00E94BF
:101BC0004A306B017C01648175818681978128EEA2
:101BD00033E040E050E00E940A31C20ED31EE41E02
:101BE000F51E0E941D074B015C01F3018681978160
:101BF000DC01ED91FC910084F185E02D1995EC015B
:101C0000801791075CF40E941D07681979098A09F9
:101C10009B096C157D058E059F0538F3209741F4CF
:101C200084E790E09093721680937116CFEFDFEF08
:101C3000CE01DF91CF911F910F91FF90EF90DF9038
:101C4000CF90BF90AF909F908F907F906F900895AE
:101C5000CF93DF93DC015A96CD91DC918E819F81E9
:101C6000DC01ED91FC910084F185E02D1995892B23
:101C700051F08E819F81DC01ED91FC910284F3850E
:101C8000E02D1995EBCF90E080E0DF91CF910895A2
:101C9000CF93DF93DC015A96CD91DC91EE81FF81E9
:101CA0008289938997FD03C061E00E94FD058E81C2
:101CB0009F81DC01ED91FC910688F789E02DDF9191
:101CC000CF911994CF93DF93DC015A96CD91DC919B
:101CD0008E819F812C813D81488159816A817B81E0
:101CE000DC01ED91FC910088F189E02D1995EE81E0
:101CF000FF818289938997FD03C060E00E94FD0502
:101D000090E080E0DF91CF910895FB018081FA019E
:101D10009081891759F0882349F083EF9BE29093D3
:101D20007216809371168FEF9FEF089590E080E018
:101D300008958F929F92AF92BF92CF92DF92EF92CF
:101D4000FF920F931F93CF93DF936A01DC015A96A2
:101D5000ED91FC91068117817B01D0E0C0E0CC15AC
:101D6000DD0528F50E941D07F801608771878287CD
:101D70009387D801ED91FC910284F385E02DC80191
:101D8000199597FF24C00E941D07F8018084918453
:101D9000A284B384681979098A099B098480958093
:101DA000A680B780681579058A059B0510F3BE01EA
:101DB00090E080E0DF91CF911F910F91FF90EF9025
:101DC000DF90CF90BF90AF909F908F900895D701F4
:101DD0008D937D012196C3CFCF93DF93FC01C28DFC
:101DE000D38D28853985232B59F041E050E00E949E
:101DF000CD091986188690E080E0DF91CF91089593
:101E000050E040E00E94CD090097B9F721E030E0B2
:101E100039872887F2CFCF92DF92EF92FF920F930C
:101E20001F93CF93DF937B016A01DC015A96CD911A
:101E3000DC91EE81FF818289938997FD03C061E087
:101E40000E94FD050E811F81F8018089918997FD0F
:101E50000BC061E00E94FD05D80154968D919C91C4
:101E6000009711F00E94BA0681E0F801808F8E8100
:101E70009F81DC01ED91FC910280F381E02DA601B0
:101E8000B70119956C01F12CE12C0E811F81F8012D
:101E900084859585DC01ED91FC910680F781E02D2C
:101EA0001995F8018089918997FD0CC086899789D9
:101EB000009711F00E94BA0660E0D80150968C910C
:101EC0000E94FD05F801108EEE81FF8182899389C1
:101ED00097FD03C060E00E94FD05C701B601DF91D8
:101EE000CF911F910F91FF90EF90DF90CF900895C9
:101EF000FB018081918102979183808390E080E053
:101F00000895DC01680F791F8FEF9FEFA617B707C1
:101F100069F02D91292730E0F901EE58FB4F94919B
:101F20009827F901EE58FC4F8491F0CF0895EF9275
:101F3000FF920F931F93CF93DF937C01EB018A01F4
:101F4000888190E0F701208131812817390711F04D
:101F5000892B51F5B80162507109CE010E94810FA1
:101F6000C00FD11FFE01329720812197388123278E
:101F7000322723278217930779F0F701868182FFA2
:101F800003C0C7010E94280E8EEE9BE2909372164A
:101F9000809371160FEF1FEFC801DF91CF911F9152
:101FA0000F91FF90EF90089510E000E0F5CF0F93B0
:101FB0001F93CF93DF93EC018B010E94810FC00F21
:101FC000D11F98838983C8010296DF91CF911F9119
:101FD0000F910895FC012081FB012083FC01828187
:101FE000FB01818382E090E00895683F710530F441
:101FF000FC017183608390E080E0089586E190E0C9
:1020000090937216809371168FEF9FEF089581E081
:102010000895FC01808D882349F084859585DC0135
:10202000ED91FC910190F081E02D199481E090E018
:102030009383828390E080E00895DC011C968D916B
:102040009C91DC01ED91FC910680F781E02D1994C3
:10205000DC011C968D919C91DC01ED91FC91028438
:10206000F385E02D1994DC011C968D919C91DC0187
:10207000ED91FC910484F585E02D1994DC011C960A
:102080008D919C91DC01ED91FC910084F185E02D16
:1020900019940F931F93CF93DF938C01FC01C48598
:1020A000D585E881F9810680F781E02DCE0119956B
:1020B000EA89FB8980818F7E8083EA89FB89808120
:1020C000877F8083EA89FB8980818F778083EA8993
:1020D000FB8980818F7D80838B8D9C8D9A8F898FEA
:1020E000F8018089918997FD08C060E00E94FD0594
:1020F00060E0F80180890E948906F801828993894D
:1021000097FD0CC060E00E94FD0560E0F801828947
:10211000DF91CF911F910F910C948906DF91CF91A0
:102120001F910F9108958F929F92AF92BF92DF926D
:10213000EF92FF920F931F93CF93DF93EC014A012D
:102140005B01D22E898E9A8EAB8EBC8E2D8F3E8FE8
:102150008C899D89009709F08C010C8B1D8B8E89D1
:102160009F89009709F07C01EE8AFF8A8889998906
:1021700097FD07C061E00E94890660E088890E949F
:10218000FD058A899B8997FD07C061E00E94890649
:1021900061E08A890E94FD05188E2D2DB501A401EC
:1021A0008C859D85DF91CF911F910F91FF90EF90CE
:1021B000DF90BF90AF909F908F900C944408EF9267
:1021C000FF920F931F93DC01ED91FC910488F58938
:1021D000E02DA2E3EA2EF12C02E310E019951F9105
:1021E0000F91FF90EF900895EF92FF920F931F933E
:1021F000DC01ED91FC910488F589E02D78018901DD
:1022000026E030E019951F910F91FF90EF9008950F
:10221000EF92FF920F931F93DC01ED91FC910488E4
:10222000F589E02D22E3E22EF12C02E310E026E016
:1022300030E019951F910F91FF90EF90089590E075
:1022400080E008958BE09DE00E941808181619069A
:102250003CF461E070E080E090E00E94EA06F2CF9A
:102260000895CF93DF93EC010E941D076883798363
:102270008A839B83DF91CF910895FC0164817581EE
:1022800050E040E064177507B9F0FC01208131810E
:102290002115310579F0240F351FF9012081022E17
:1022A000000C330B205331092A30310538F44F5FCD
:1022B0005F4FE8CF20E0F3CF81E0089580E00895FC
:1022C000CF93DF938091C7119091C811892B91F022
:1022D000C091C311D091C4116091C9117091CA11FC
:1022E000CE010E945833009729F08C1B9D0BDF9183
:1022F000CF9108958FEF9FEFFACFFB01019000205F
:10230000E9F73197AF01461B570BDC01ED91FC91CA
:102310000280F381E02D1994CF93DF930E941A0974
:10232000EC0168EA72E08BEC98E00E947D118C0F62
:102330009D1FDF91CF9108958F929F92AF92BF9290
:10234000EF92FF920F931F93CF93DF93CDB7DEB73A
:10235000A1970FB6F894DEBF0FBECDBF7C01FA0186
:10236000CB0119A2223008F42AE08E010F5D1F4F25
:10237000822E912CB12CA12CBF01A50194010E94A9
:102380000A31F901CA016A300CF5605DD8016E931B
:102390008D01232B242B252B79F790E080E01097DB
:1023A00021F0BD01C7010E947D11A1960FB6F894DE
:1023B000DEBF0FBECDBFDF91CF911F910F91FF9078
:1023C000EF90BF90AF909F908F900895695CDECFA3
:1023D0008F929F92AF92BF92CF92DF92EF92FF9235
:1023E0000F931F93CF93DF937C01EB016C0182E08D
:1023F000C80ED11C4701E5E08E0E911C10E000E0F4
:10240000F60141916F0150E070E060E02AE0CE01FA
:102410000E949C115C01E881F9810190F081E02D1E
:102420006EE2CE0119958A0D9B1D080F191FC81465
:10243000D90431F7F701458150E070E060E02AE00F
:10244000CE010E949C11800F911FDF91CF911F91AF
:102450000F91FF90EF90DF90CF90BF90AF909F9043
:102460008F9008950F931F93CF93DF93EC01FB019F
:1024700044815581608171810E948C078C0168EADA
:1024800072E0CE010E947D11800F911FDF91CF91EC
:102490001F910F910895BC018BE09DE00E943212C4
:1024A0008BE09DE00E94350962E070E080E090E002
:1024B0000C94EA06EF92FF920F931F93CF93DF9352
:1024C0008C017B01EA01BA01660F771F8091E2114E
:1024D0009091E3110E9459329093E3118093E2119D
:1024E000892B49F482EF9DE29093721680937116C6
:1024F000D0E0C0E043C08091D1119091D2110097FB
:1025000099F486E190E09093721680937116009191
:10251000E2111091E3118091D1119091D2110097A5
:1025200069F486E190E0E0CFDC015896ED91FC91F2
:102530000084F185E02DB8011995E9CF9E01A7012E
:1025400063E070E00E94B50B019691F21092D911F0
:1025500082E090E09093DD118093DC11D093E5113F
:10256000C093E4111092E7111092E6111092E91154
:102570001092E8111092EB111092EA11CE01DF9146
:10258000CF911F910F91FF90EF9008950F931F939C
:10259000CF93DF93EC0188819981009759F02A81CC
:1025A0003B812617370730F081E0DF91CF911F91F3
:1025B0000F9108958B016F5F7F4F0E9459320097F2
:1025C00059F0998388831B830A832C813D81232BB7
:1025D00059F7FC011082E8CF80E0E7CFCF93DF937B
:1025E000EC0188819981009711F00E94D031198205
:1025F00018821D821C821B821A82DF91CF9108955E
:10260000FC0180819181009711F00C94D0310895E4
:10261000CF93DF93EC018A8D9B8D0E94D031CE0148
:10262000DF91CF910C94D031CF93DF93EC0184E60E
:1026300092E0998388838C899D89009711F00E948C
:10264000D0318E899F89009711F00E94D031888DFA
:10265000998D009711F00E94D0318A8D9B8D009743
:1026600011F00E94D0318A819B81009721F0DF9187
:10267000CF910C947E09DF91CF910895CF93DF9392
:10268000EC010E941413CE01DF91CF910C94D03154
:10269000CF93DF93EC0188E792E0998388838B895D
:1026A0009C89009711F00E94D0318A819B8100970C
:1026B00021F0DF91CF910C947E09DF91CF910895A5
:1026C000CF93DF93EC010E944813CE01DF91CF91AD
:1026D0000C94D03120E832E0FC01318320830C944B
:1026E0004813CF93DF93EC010E946A13CE01DF9170
:1026F000CF910C94D0310E943A330F931F93F8017D
:10270000DC018D919C918F3F980711F40E943A3320
:1027100080836183528343833483258386E090E002
:102720001F910F910895FC0124813581FB014481A3
:10273000558124173507E1F4FC0180819181FB016B
:10274000608171810097D1F061157105A1F4232B8F
:10275000C1F0FC01808190E008C0232B91F0FB01C7
:10276000808190E091958195910921E0892B09F074
:1027700020E0822F08950E944833F7CF611571053C
:1027800061F721E0F6CFEF92FF920F931F93CF9363
:10279000DF936115710541F480E0DF91CF911F91C6
:1027A0000F91FF90EF9008957B01EC01CB010E9407
:1027B0008D2C0097A9F00C811D81080F191FB801FD
:1027C000CE010E94C612882339F3288139818C8179
:1027D0009D81B701820F931F0E94862C1D830C835D
:1027E00081E0DBCFEF92FF920F931F93CF93DF93A4
:1027F000EC018B016115710551F0CB010E948D2C0C
:102800007C01BC01CE010E94C61281110BC0CE0119
:102810000E94EE12CE01DF91CF911F910F91FF9098
:10282000EF900895FD82EC82B801888199810E9421
:10283000862CF0CFFC011182108213821282158245
:1028400014820C94F213EF92FF920F931F93CF9385
:10285000DF936115710541F480E0DF91CF911F9105
:102860000F91FF90EF90089541155105B1F07B0154
:10287000EC010C811D81040F151FB8010E94C612C6
:10288000882351F3288139818C819D81B701820F82
:10289000931F0E9451331D830C8381E0DECF0F9381
:1028A0001F93CF93DF93CDB7DEB764970FB6F8943D
:1028B000DEBF0FBECDBF8E010F5F1F4F22E044E091
:1028C0000E94412CFC0101900020E9F73197AF01F3
:1028D000481B590BBC0189E991E10E9423146496BD
:1028E0000FB6F894DEBF0FBECDBFDF91CF911F9121
:1028F0000F910895FB0144815581608171810C9491
:1029000023140F931F93CF93DF938C01EB01FC01F2
:10291000808191810097E1F068817981611571056D
:10292000A9F0428153812C813D814217530770F0F9
:102930000E9451338C819D81F801958384831D828F
:102940001C82DF91CF911F910F9108950E94D03189
:1029500088819981F801918380838A819B81938307
:1029600082838C819D8195838483198218821B8246
:102970001A82E5CFEF92FF920F931F93CF93DF93CD
:10298000EC017B018A01BA010E94C61281110BC0C1
:10299000CE010E94EE12CE01DF91CF911F910F91D7
:1029A000FF90EF9008951D830C83B7018881998172
:1029B0000E945133F0CFFC011182108213821282E7
:1029C0001582148250E040E06AEA72E00C94BA1476
:1029D000CF92DF92EF92FF920F931F93CF93DF93EB
:1029E0007C016B018A014617570720F48D2D6A017F
:1029F000062F182FC7010E94DB14C091C711D09178
:102A0000C811CC16DD0638F50C171D0708F4E801CF
:102A1000E091C311F091C411EC0FFD1F10811082E1
:102A20006091C3117091C4116C0D7D1D611571050C
:102A3000E1F0FB0101900020E9F73197AF01461B5F
:102A4000570BC7010E94BA148091C3119091C41111
:102A5000C80FD91F1883C701DF91CF911F910F9124
:102A6000FF90EF90DF90CF900895C7010E94EE1283
:102A7000EBCFBF92CF92DF92EF92FF920F931F9313
:102A8000CF93DF93CDB7DEB7ED84FE84CF84D888B3
:102A9000B9880B891C89D70114968D919C91892B3B
:102AA00059F0AE01475E5F4F6F89788D8091771640
:102AB000909178160E9472338D899E89892B31F00E
:102AC000C7010E94BA09C7010E94A709F6018281C5
:102AD000938180589F4F93838283D7015896ED91BD
:102AE000FC910484F585E02DB801C6011995F80123
:102AF000E80FF91FB0820196DF91CF911F910F91DE
:102B0000FF90EF90DF90CF90BF9008952F923F926B
:102B10004F925F926F927F928F929F92AF92BF92ED
:102B2000CF92DF92EF92FF920F931F93CF93DF9399
:102B3000CDB7DEB7C851D2400FB6F894DEBF0FBE96
:102B4000CDBFFC01A281B381109749F486E190E0EA
:102B5000909372168093711690E080E00CC45C0133
:102B60007E01FBEFEF1AFEEFFF0A5896ED91FC9104
:102B700059970488F589E02DB701CD0119951816EC
:102B8000190654F7D50112962D903C90C55FDD4F84
:102B900099838883CB50D24086E190E021143104A0
:102BA00009F4E3C3D1015896ED91FC91C280D38022
:102BB000A4E0B1E0AC0FBD1FAC0DBD1D8C91282F62
:102BC00030E0CD5EDD4F39832883C351D240A70169
:102BD0004C0D5D1DC15FDD4F59834883CF50D240FE
:102BE000DA019C90092D10E0A6E0B1E0AC0FBD1F0A
:102BF000AC0DBD1D6C90712C762C6624A7E0B1E065
:102C0000AC0FBD1FAC0DBD1D8C91680E711C2E014B
:102C1000BBEF4B1ABDEF5B0AD20111963C932E938A
:102C200013961C930E9312970684F785E02DBE0130
:102C3000655F7D4FC7011995F20195838483EFEF9E
:102C4000E90DE73108F066C5F0E08827E55DF94E4B
:102C50008F4F0C942C314216421622172217B317AD
:102C60000B18B3198A1B8A1B8A1B8A1B8A1B8A1B97
:102C70008A1B4018041982198A1B8A1B8A1B8A1B0B
:102C8000D519211A0230110509F04CC0D5011A9648
:102C90004D915C911B9718962D913C9119975696E2
:102CA000AD90BC9085EB92E0E8E0F1E0EC0FFD1F09
:102CB000EC0DFD1DE080F12CFE2CEE24E9E0F1E0AE
:102CC000EC0FFD1FEC0DFD1D6081E60EF11CB70140
:102CD00061507109603D774078F127E02F9320ED36
:102CE0002F939F938F93FF92EF9289EE92E09F93A1
:102CF0008F931F9281E08F9321E030E02C0F3D1FD6
:102D00003F932F931F9283E08F935F924F923F9256
:102D10002F920E9439158C010FB6F894DEBF0FBEBA
:102D2000CDBF66C0F5014681578124813581A488D5
:102D3000B5888BEA92E0B8CF6301C41AD50AD7FCF4
:102D400008C047018C0C9D1C28153905ACF46E0C8D
:102D50007F1C9F938F937F926F9281E193E09F936B
:102D60008F931F921F9261E070E06C0F7D1F7F9325
:102D70006F931F9282E0C0C1D1015896ED91FC91F2
:102D80000484F585E02DBE016F5F7F4FC201199568
:102D90008C010F5F1F4FE1E0F0E0EC0FFD1F8E0F85
:102DA0009F1F21E0A70147705527452B09F420E01C
:102DB000F3E0F594E794FA95E1F7E20EDC01EC928A
:102DC000F501EC0DFD1D30E020E090E080E0AF016A
:102DD0004A195B0948155905E4F0892B49F0E1E0EF
:102DE000F0E0EC0FFD1FE00FF11F20830F5F1F4F7E
:102DF000CD5EDD4F28813981C351D240232B09F4A8
:102E0000B8C2A801BE016F5F7F4FC1010E94500B85
:102E1000B0C2419150E0082E02C0440F551F0A94E1
:102E2000E2F7242B352B8730910551F4A1E0B0E077
:102E3000AC0FBD1FA00FB11F2C930F5F1F4FC3CF4F
:102E40000196C5CF04301105B1F5F50146855785CA
:102E500024853585808C918C85EC92E0E8E0F1E06A
:102E6000EC0FFD1FEC0DFD1D008110E0102F002761
:102E7000E9E0F1E0EC0FFD1FEC0DFD1D6081060F98
:102E8000111DB80161507109FE0131966F016D3756
:102E9000710500F11F922DE72F939F938F931F933E
:102EA0000F9389EE92E09F938F931F9281E08F930F
:102EB000FF93EF9327CFD50152964D915C91539795
:102EC00050962D913C9151975A968D909C908AEDF9
:102ED00092E0C4CF7301E41AF50A5701F7FC07C06A
:102EE000E00EF11E2E153F057CF4600E711E9F93BF
:102EF0008F937F926F9281E193E09F938F931F92C4
:102F00001F92DF92CF9235CFD1015896ED91FC916F
:102F10000484F585E02DB601C2011995F601E80F8C
:102F2000F91F000F00839501220F331F820E931E9D
:102F30000196F601E80FF91F8F010C191D09AE1457
:102F4000BF040CF055CFD40111968C91B2E08B0EDA
:102F5000911C8083D40112978C9181832FEFA21A48
:102F6000B20A3296E9CFD50116968D919C911797AA
:102F7000A301481B590BCE01019657FD06C01496BC
:102F80002D913C91421753074CF07F926F9223E3AF
:102F900033E03F932F931F921F92B1C1E8E0F1E01D
:102FA000EC0FFD1FEC0DFD1D208130E0322F22279C
:102FB000E9E0F1E0EC0FFD1FEC0DFD1D6081260F37
:102FC000311D2115FFEF3F0719F021153105B1F42F
:102FD000D5015496ED91FC91E40FF51F41E0232BB0
:102FE00009F440E04083C55FDD4F08811981CB5073
:102FF000D240A801B7010E943F33FACE7F926F9270
:103000003F932F932CE533E03F932F931F921F9212
:103010009F938F936FC0D50152968D919C9153973A
:103020009301281B390BCE01019637FD07C050963E
:103030004D915C915197241735072CF07F926F9238
:103040002AE933E0A6CF220F331F5A96ED91FC9167
:10305000E20FF31FA8E0B1E0AC0FBD1FAC0DBD1D2A
:103060002C9130E0322F2227A9E0B1E0AC0FBD1F38
:10307000AC0DBD1D4C91240F311D31832083B3CF86
:10308000E8E0F1E0EC0FFD1FEC0DFD1D808190E00C
:10309000982F8827E9E0F1E0EC0FFD1FEC0DFD1DF6
:1030A0002081820F911D9C0121503109203B374026
:1030B00070F4EAE0F1E0EC0FFD1FEC0DFD1D208146
:1030C000E8E02E9F9001112428173907ECF427E03F
:1030D0002F9320EB2F939F938F9388EC93E09F93F4
:1030E0008F931F9281E08F9321E030E02C0F3D1FE2
:1030F0003F932F931F9283E08F935F924F923F9263
:103100002F920E94391507CED50116962D913C912C
:103110001797F301E21BF30B9F01F7FD0CC0BC01F5
:103120006E0F7F1F14964D915C91159746175707A8
:10313000D4F4680E791E7F926F928CEF93E09F9388
:103140008F931F921F9221E030E02C0F3D1F3F9381
:103150002F931F9282E08F935F924F923F922F9214
:103160000E943915D8CD56E0C50ED11C54960D914C
:103170001C91200F311FF90150E040E081E090E008
:103180008C0F9D1FC80ED91ECF01801B910B861777
:103190009707F0F0D1015896ED91FC910484F585E4
:1031A000E02DBE016F5F7F4FC2011995A1E0B0E035
:1031B000AC0FBD1FA80FB91FF701E80FF91F24E0DE
:1031C00001900D922A95E1F78C010C5F1F4F10CEF4
:1031D000CF01821B930BA3E096958795AA95E1F703
:1031E0008C0D9D1D8C5F9E4FDC018C9190E0042E18
:1031F00002C0959587950A94E2F7817081934F5F9D
:103200005F4F47705527C0CFE8E0F1E0EC0FFD1F9E
:10321000EC0DFD1D208130E0322F2227E9E0F1E0A6
:10322000EC0FFD1FEC0DFD1D8081280F311DC90124
:1032300001978B37910570F4EAE0F1E0EC0FFD1F88
:10324000EC0DFD1D8081B8E08B9FC0011124821719
:1032500093077CF41F928BE78F933F932F9386E223
:1032600094E09F938F931F9281E08F93CE010196FC
:10327000CFCED50152968D919C915397F301E81BC7
:10328000F90BCF01F7FD31C0A9014E0F5F1F50961A
:103290006D917C916417750734F1C15FDD4FE88152
:1032A000F981CF50D2409C01220F331F2E193F09C4
:1032B0002C193D09841795070CF06CCFD5015A964F
:1032C0006D917C91DB01A20FB31FAE0FBF1F668112
:1032D00070E0762F66271781610F711D6D937C93C7
:1032E00001963296E7CF620E731E7F926F928FE542
:1032F00094E09F938F931F921F92CE0101969F930C
:103300008F9327CFD1015896ED91FC910484F585D8
:10331000E02DBE016F5F7F4FC2011995FE01E80FDE
:10332000F91F24EB2283FE01E80FF91F2FEF2383FF
:10333000DC011396E1E0F0E0EC0FFD1FAE0FBF1FC4
:1033400028E0EEE8F4E001900D922A95E1F78C0177
:10335000055F1F4FE1E0F0E0EC0FFD1FE80FF91FE4
:103360008AE0808345CD8DE690E09093721680933D
:10337000711681E090E0C85EDD4F0FB6F894DEBFB5
:103380000FBECDBFDF91CF911F910F91FF90EF90B6
:10339000DF90CF90BF90AF909F908F907F906F9075
:1033A0005F904F903F902F900895D50152968D9148
:1033B0009C915397F301E81BF90BCE010196F7FDA1
:1033C0003DCE50962D913C915197E217F3070CF0AA
:1033D00035CEEE0FFF1F5A962D913C91E20FF31F51
:1033E000AAE0B1E0AC0FBD1FAC0DBD1D2C9130E0CB
:1033F000322F2227ABE0B1E0AC0FBD1FAC0DBD1DDD
:103400004C91240F311DA8E0B1E0AC0FBD1FAC0DF5
:10341000BD1D4C91642F70E0762F6627A9E0B1E0C6
:10342000AC0FBD1FAC0DBD1D4C91460F572F511D4C
:10343000608171816227732746235723242735270C
:103440001CCEE8E0F1E0EC0FFD1FEC0DFD1D8081CE
:1034500090E0982F8827E9E0F1E0EC0FFD1FEC0DDC
:10346000FD1D2081FC01E20FF11DC35FDD4FF983DB
:10347000E883CD50D240ECE0F1E0EC0FFD1FEC0D05
:10348000FD1D808190E0982F8827EDE0F1E0EC0FA2
:10349000FD1FEC0DFD1D2081820F911D9C0121500F
:1034A0003109DE01119629373105C0F4C35FDD4FC4
:1034B00028813981CD50D240215031092D37310535
:1034C00068F4EEE0F1E0EC0FFD1FEC0DFD1D408116
:1034D0009C01220F331F4217130639F11F922DE76B
:1034E0002F931F9229E72F93C25FDD4FF881CE50B3
:1034F000D240FF93C35FDD4F2881CD50D2402F9340
:103500009F938F9387E994E09F938F931F9281E01D
:103510008F93BF93AF931F9283E08F935F924F92ED
:103520003F922F920E943915F6CBEAE0F1E0EC0FC2
:10353000FD1FEC0DFD1D208130E0322F2227EBE036
:10354000F1E0EC0FFD1FEC0DFD1D4081240F311D3E
:10355000F501428953898301041B150BCF5EDD4FB2
:1035600019830883C151D240B901641B750BAB01AB
:103570004B0117FDDFC0C35FDD4FE881F981CD50FE
:10358000D240E00FF11FCB5EDD4FF983E883C551D8
:10359000D240F50160897189CB5EDD4FE881F98108
:1035A000C551D2406E177F07FCF057FD1FC0AC011C
:1035B000480D591DC95EDD4F59834883C751D2401C
:1035C00064177507E4F4280F391F17FF0FC03F93E6
:1035D0002F937F926F9283EE94E09F938F931F922D
:1035E0001F92BF93AF93C5CB57FFEDCFC35FDD4FA6
:1035F00068817981CD50D240660E771EE8CFF10107
:10360000808D918DFC01248535857D01BD01CE0124
:103610008B5F9D4FF9011995F701E80FF91FC35F03
:10362000DD4F2881CD50D240220F2083C15FDD4F76
:10363000E881F981CF50D240AE014B5F5E4F9401DB
:10364000220F331F241B350B2C193D09C95EDD4F9A
:1036500048815981C751D240841695060CF443C065
:10366000F701E80FF91F9801220F331F2E193F09A8
:10367000B901681B790BCB0141E050E04E195F099D
:103680008A010E0F1F1FCB5EDD4F68817981C55106
:10369000D240CF5EDD4FA881B981C151D240A6177B
:1036A000B7070CF0A5CBBC016E0F7F1FD5015A9652
:1036B0002D913C91DB01A20FB31F11962C91119714
:1036C00021832C912283CF5EDD4F28813981C15126
:1036D000D2402F5F3F4FCF5EDD4F39832883C151EA
:1036E000D2403296CDCFD5015A964D915C91DA01F8
:1036F000A20FB31FAE0FBF1F428550E0542F4427C7
:103700006385460F511D4D935C93BFEF8B1A9B0A47
:1037100032969CCF1F929F9284E395E09F938F9364
:103720001F9281E08F939E012F5F3F4F3F932F9316
:103730001F9211CD77FF47CF4ACF1F920F920FB63E
:103740000F9211242F933F938F939F93AF93BF9327
:103750008091B1089091B208A091B308B091B408DB
:103760003091B00823E0230F2D3758F50196A11DA5
:10377000B11D2093B0088093B1089093B208A09334
:10378000B308B093B4088091B5089091B608A091A1
:10379000B708B091B8080196A11DB11D8093B50876
:1037A0009093B608A093B708B093B808BF91AF91B3
:1037B0009F918F913F912F910F900FBE0F901F906F
:1037C000189526E8230F0296A11DB11DD2CF1F9296
:1037D0000F920FB60F9211240BB60F922F933F93B7
:1037E0004F935F936F937F938F939F93AF93BF9309
:1037F000EF93FF938EEE91E10E94A608FF91EF9167
:10380000BF91AF919F918F917F916F915F914F91F8
:103810003F912F910F900BBE0F900FBE0F901F90F6
:1038200018951F920F920FB60F9211240BB60F929C
:103830002F933F934F935F936F937F938F939F93B8
:10384000AF93BF93EF93FF938EEE91E10E94E90750
:10385000FF91EF91BF91AF919F918F917F916F9168
:103860005F914F913F912F910F900BBE0F900FBE24
:103870000F901F9018951F920F920FB60F92112460
:103880000BB60F922F933F934F935F936F937F935A
:103890008F939F93AF93BF93EF93FF938BE09DE044
:1038A0000E94A608FF91EF91BF91AF919F918F91D8
:1038B0007F916F915F914F913F912F910F900BBE30
:1038C0000F900FBE0F901F9018951F920F920FB67A
:1038D0000F9211240BB60F922F933F934F935F9348
:1038E0006F937F938F939F93AF93BF93EF93FF93C8
:1038F0008BE09DE00E94E907FF91EF91BF91AF91AE
:103900009F918F917F916F915F914F913F912F91F7
:103910000F900BBE0F900FBE0F901F9018951F9227
:103920000F920FB60F9211240BB60F922F933F9365
:103930004F935F936F937F938F939F93AF93BF93B7
:10394000EF93FF938BEC98E00E94A608FF91EF9114
:10395000BF91AF919F918F917F916F915F914F91A7
:103960003F912F910F900BBE0F900FBE0F901F90A5
:1039700018951F920F920FB60F9211240BB60F924B
:103980002F933F934F935F936F937F938F939F9367
:10399000AF93BF93EF93FF938BEC98E00E94E907FE
:1039A000FF91EF91BF91AF919F918F917F916F9117
:1039B0005F914F913F912F910F900BBE0F900FBED3
:1039C0000F901F9018958FE691E10E94001385E7F4
:1039D00091E10E9400138BE791E10E94001381E8BE
:1039E00091E10E94001387E891E10E9400138DE8A5
:1039F00091E10E94001383E991E10E94001389E99B
:103A000091E10E9400138FE991E10E94001385EA81
:103A100091E10E9400138BEA91E10E94001381EB77
:103A200091E10E94001387EB91E10E9400138DEB5E
:103A300091E10E94001383EC91E10E94001389EC54
:103A400091E10E9400138FEC91E10E946A1384E3DC
:103A500096E10E946A1383E596E10C941413AF92E9
:103A6000BF92CF92DF92FF920F931F93CF93DF937A
:103A7000EEEEF1E11382128248EE53E060E070E076
:103A8000448355836683778382E592E091838083C4
:103A900025E331E03587248724E331E03787268723
:103AA00020E331E0318B208B21E331E0338B228B1B
:103AB00022E331E0358B248B26E331E0378B268BF4
:103AC000128E118E148E138E168E158E10A2178ED6
:103AD000ABE0BDE013961C921E92129714964D9384
:103AE0005D936D937C93179711969C938E932DEC19
:103AF00030E01D963C932E931C972CEC30E01F96E3
:103B00003C932E931E9728EC30E051963C932E93D5
:103B1000509729EC30E053963C932E9352972AEC21
:103B200030E055963C932E9354972EEC30E0579608
:103B30003C932E9356975A961C921E9259975C96D8
:103B40001C921E925B975E961C921E925D979096B9
:103B50001C921E925F97ABECB8E013961C921E92DB
:103B6000129714964D935D936D937C9317971196CE
:103B70009C938E9385EC90E01D969C938E931C975E
:103B800084EC90E01F969C938E931E9780EC90E0BF
:103B900051969C938E93509781EC90E053969C9312
:103BA0008E93529782EC90E055969C938E93549707
:103BB00086EC90E057969C938E9356975A961C925B
:103BC0001E9259975C961C921E925B975E961C9271
:103BD0001E925D9790961C921E925F97C9EBD8E05B
:103BE00088E8C82E82E0D82ED982C8821A821B8229
:103BF0001C821D82CFEBD8E0D982C8821A821B8238
:103C00001C821D82C5ECD8E0D982C8821A821B8230
:103C10001C821D8283E596E1EC011B821A8228E159
:103C2000F22E07E516E1E8012F2D19922A95E9F702
:103C30002EE632E0EC01398328833CEEA32E3CE0F3
:103C4000B32EBD8EAC8E24E336E1E9011B821A82CD
:103C50004C835D836E837F83198618861A861C8A3F
:103C60001B8A1E8A1D8A188E1F8A1A8E198E1C8E18
:103C70001B8E80E892E099838883BE8EAD8EE5012D
:103C80001B821A824C835D836E837F832EE832E031
:103C900039832883BD87AC8701E010E01F870E873A
:103CA000A2E0B0E0B98BA88BAFEFBFEFBB8BAA8BC4
:103CB0001D8A1C8A1F8A1E8A188EAEE2B6E11196F2
:103CC000DC92CE9212961C92129713961C92139726
:103CD00014961C92149715961C92AFE0B6E11396B9
:103CE0001C921E92129714964D935D936D937C9344
:103CF000179711963C932E931D96FC93EE931C9769
:103D00001F961C921E921E9751961C921E925097BF
:103D100026E130E053963C932E93529755961C9291
:103D20001E92549757961C921E92569758961C9224
:103D30005897EFECF1E11382128244835583668336
:103D40007783118610861286148A138A168A158A3A
:103D5000108E178A128E118E148E138E918380838B
:103D6000B68FA58F89EC91E10E94DB1483EC91E181
:103D70000E94DB148DEB91E10E94DB1487EB91E153
:103D80000E94DB1481EB91E10E94DB148BEA91E14C
:103D90000E94DB1485EA91E10E94DB148FE991E136
:103DA0000E94DB1489E991E10E94DB1483E991E12F
:103DB0000E94DB148DE891E10E94DB1487E891E119
:103DC0000E94DB1481E891E10E94DB148BE791E112
:103DD0000E94DB1485E791E10E94DB148FE691E1FC
:103DE0000E94DB14E4E6F1E1148215821682178248
:103DF000108680E395E7A0E0B0E080839183A28302
:103E0000B38312861186EBE5F1E180E197E2A0E051
:103E1000B0E080839183A283B383148215821682DB
:103E200017821086C4E3D1E184E688830E941D07CF
:103E300069837A838B839C8382E2E6E0F2E0A9E3E4
:103E4000B1E101900D928A95E1F7CCE2D1E11882BF
:103E5000F9821A821C830B831E821D821F8226E038
:103E600040E855E260E070E08BE09DE00E9444088D
:103E700061E089810E94890661E08981DF91CF91AB
:103E80001F910F91FF90DF90CF90BF90AF900C9457
:103E9000FD05CF93DF9300D000D000D0CDB7DEB7C3
:103EA000789484B5826084BD84B5816084BD85B515
:103EB000826085BD85B5816085BD80916E00816021
:103EC00080936E00109281008091810082608093C7
:103ED00081008091810081608093810080918000C9
:103EE0008160809380008091B10084608093B100F4
:103EF0008091B00081608093B000809191008260D9
:103F000080939100809191008160809391008091D5
:103F100090008160809390008091A10082608093E6
:103F2000A1008091A10081608093A1008091A000F8
:103F300081608093A00080912101826080932101A3
:103F40008091210181608093210180912001816015
:103F50008093200180917A00846080937A00809120
:103F60007A00826080937A0080917A0081608093E9
:103F70007A0080917A00806880937A001092C10064
:103F800026E040E855E260E070E08BEC98E00E94AB
:103F9000440868E070E081EB91E10E94C61268E09D
:103FA00070E085EA91E10E94C61268E070E08FE956
:103FB00091E10E94C61268E070E081E891E10E9400
:103FC000C61268E070E08BE791E10E94C61268E0DB
:103FD00070E087E891E10E94C61260E270E08BEA2F
:103FE00091E10E94C61260E270E089EC91E10E94CA
:103FF000C61260E470E08DEB91E10E94C61260E4AD
:1040000070E087EB91E10E94C61260E470E083E902
:1040100091E10E94C61260E870E085E791E10E949C
:10402000C61260E870E083EC91E10E94C61260E085
:1040300071E089E991E10E94C61260E071E08DE8CB
:1040400091E10E94C612811194C088E895E00E9417
:104050001A09E090EC11F090ED118CE190E00E94D3
:1040600034318C018FEF9FEFD80111969C938E9382
:1040700013969C938E93129715961C921E921497EA
:1040800017961C921E921697F801108611861286BA
:10409000138680E291EAA7E0B0E084879587A6873F
:1040A000B787108A118A128A138A848B958BA68B04
:1040B000B78B88E292E0918F808F8AE090E00E9437
:1040C0003431FC01D8015B969C938E935A97F7820A
:1040D000E68280E895E2A0E0B0E080839183A2834D
:1040E000B38386E090E09583848311861086809167
:1040F000E2119091E311009731F00E94D0311092BB
:10410000E3111092E2118091D1119091D211009798
:1041100041F00E9489098091D1119091D2110E94A1
:104120007E091093D2110093D1111092D8111092E0
:10413000D7110115110581F0C8010E949409009161
:10414000D1111091D211892BB9F0C8010E947E09BA
:104150001092D2111092D11167E378E08BEC98E0C5
:104160000E947D1168EA72E08BEC98E00E947D115C
:10417000FFCF8EE995E06BCF1092D9111092E51127
:104180001092E4111092E7111092E6111092E911C9
:104190001092E8111092EB111092EA11011511051D
:1041A00009F00FC386E190E0909372168093711628
:1041B00082E795E00E948C1111E010936C1187E862
:1041C00097E090936E1180936D110E9422116DEA19
:1041D00075E083EC91E10E94F2136AE070E080E008
:1041E00090E00E94EA0610932C1168EE73E080E0E4
:1041F00090E00E94EA068E010F5F1F4F66E0262EB8
:10420000312C74E0872E912C4CE0442E512C5AE036
:10421000A52EB12C80916C11882339F10E941D07C5
:10422000C0906811D0906911E0906A11F0906B1104
:104230006C197D098E099F09C0906411D090651199
:10424000E0906611F0906711C616D706E806F906E9
:1042500060F4E0916D11F0916E11309709F4E4C2B1
:10426000199588E691E10E94311180912F1190916A
:104270003011019709F05AC061EA79E083EC91E1CD
:104280000E94F21360EA79E08DEB91E10E94F21353
:104290006FE979E087EB91E10E94F2136EE979E032
:1042A00081EB91E10E94F2136DE979E08BEA91E1F3
:1042B0000E94F2136CE979E085EA91E10E94F21321
:1042C0006BE979E08FE991E10E94F2136AE979E004
:1042D00089E991E10E94F21369E979E083E991E1CA
:1042E0000E94F21368E979E08DE891E10E94F213EF
:1042F0001092331160E080912D110E94FD0568EE4F
:1043000073E080E090E00E942907882379F061E063
:1043100080912D110E94FD0582E090E09093301174
:1043200080932F118BE899E00E948C1180912F11BE
:1043300090913011029779F564EF71E080E090E0A0
:104340000E942907882339F161E879E0C8010E94B9
:104350001A14C8010E944B12C8010E94001366E79C
:1043600079E0C8010E941A14C8010E944B12C801CA
:104370000E94001366E579E0C8010E941A14C80182
:104380000E944B12C8010E94001383E090E09093BA
:10439000301180932F1180912F119091301104973B
:1043A00009F057C083E499E00E948C1169E379E039
:1043B000C8010E941A14C8010E944B12C8010E9431
:1043C00000136EE279E0C8010E941A14C8010E942D
:1043D0004B12C8010E94001363E279E0C8010E94F9
:1043E0001A14C8010E944B12C8010E94001368E110
:1043F00079E0C8010E941A14C8010E944B12C8013A
:104400000E9400136AE079E0C8010E941A14C801F2
:104410000E944B12C8010E9400136CEF78E0C801A3
:104420000E941A14C8010E944B12C8010E94001376
:104430006FEE78E0C8010E941A14C8010E944B1266
:10444000C8010E94001385E090E0909330118093A2
:104450002F1180912F11909130110697E9F468EE99
:1044600073E080E090E00E9429078823A9F081EEA4
:1044700098E00E948C116AED78E0C8010E941A143D
:10448000C8010E944B12C8010E94001387E090E00F
:104490009093301180932F1180912F1190913011B2
:1044A0000897E9F468EE73E080E090E00E94290745
:1044B0008823A9F08AEC98E00E948C1160EC78E0E7
:1044C000C8010E941A14C8010E944B12C8010E9420
:1044D000001389E090E09093301180932F11809128
:1044E0002F11909130110A97E9F468EE73E080E0A3
:1044F00090E00E9429078823A9F080EB98E00E94B1
:104500008C1166EA78E0C8010E941A14C8010E9462
:104510004B12C8010E9400138BE090E09093301181
:1045200080932F1180912F11909130110C97E9F405
:1045300068EE73E080E090E00E9429078823A9F0EC
:1045400084E998E00E948C1163E778E0C8010E943A
:104550001A14C8010E944B12C8010E9400138DE07A
:1045600090E09093301180932F1180912F119091B2
:1045700030110E97B1F468EE73E080E090E00E9495
:104580002907882371F08EE598E00E948C118DEB4D
:1045900091E10E944B128FE090E090933011809354
:1045A0002F1180912F1190913011409771F488E470
:1045B00098E00E948C1187EB91E10E944B1281E1FF
:1045C00090E09093301180932F1180912F11909152
:1045D0003011429769F481E080932C1183E190E0DF
:1045E0009093301180932F1184E398E00E948C11F6
:1045F00080912F1190913011439709F0A2C08091C2
:10460000311190913211892BE9F468E873E180E06F
:1046100090E00E9429078823A9F089E198E00E9490
:104620008C1162E178E0C8010E941A14C8010E944E
:104630004B12C8010E94001381E090E09093321168
:104640008093311180913111909132110297E9F4E8
:1046500068E873E180E090E00E9429078823A9F0D0
:1046600085EF97E00E948C116BEE77E0C8010E9405
:104670001A14C8010E944B12C8010E94001383E063
:1046800090E090933211809331118091311190918B
:1046900032110497E9F468E873E180E090E00E9449
:1046A00029078823A9F08EEC97E00E948C1164EC16
:1046B00077E0C8010E941A14C8010E944B12C80179
:1046C0000E94001385E090E09093321180933111A5
:1046D00080913111909132110697C9F468EC72E320
:1046E00080E090E00E942907882389F08AEA97E019
:1046F0000E948C1183E991E10E944B1281E080932A
:10470000331187E090E090933211809331118091C2
:104710003111909132110897A1F460ED77E080E0BB
:1047200090E00E942907882361F089E991E10E94C5
:104730004B121092331189E090E0909332118093E4
:1047400031118091240D9091250D2091260D3091ED
:10475000270D821B930B9170892B09F474C038E0EC
:10476000C32ED12C772473948091240D9091250D24
:104770002091260D3091270D821B930B9170892B70
:1047800009F461C08BE09DE00E941808F82E80912A
:104790002E11882329F06F2D8BEC98E00E94CB0816
:1047A000FDE0FF1609F481C52AE0F216E9F2F9826C
:1047B0001A8241E050E0B80183EC91E10E94231499
:1047C000D3CF84E090E0F801978386836091D31182
:1047D0007091D4118091D5119091D61128EE33E0CB
:1047E00040E050E00E940A3169017A019B01AC016E
:1047F000A8EEB3E00E944A30C114D104E104F104F0
:1048000031F4611571058105910509F4CBCCD8010E
:104810001896CD92DD92ED92FC921B97F801648779
:10482000758786879787C4CC88E198E00FB6F8949F
:10483000A895809360000FBE90936000FFCF60E06A
:1048400070E0CB0194C780916B088823F1F00E943F
:1048500022116DEA75E083EC91E10E94F2136AE0A7
:1048600070E080E090E00E94EA0610926B0881E020
:1048700090E09093301180932F111092321110928A
:1048800031118DE997E00E948C1180912C118111DA
:1048900007C06AE070E080E090E00E94EA06BACCCF
:1048A0000E941D07C0903511D0903611E09037114D
:1048B000F09038116C197D098E099F09683E73408C
:1048C0008105910508F40EC48091341146E050E052
:1048D00070E060E090E00E945A120E94B9056B01FE
:1048E0007C010E94B9057601DD24CC24C62AD72A92
:1048F000E82AF92AC0926C08D0926D08E0926E08FE
:10490000F0926F080E94B9056B017C010E94B90505
:104910007601DD24CC24C62AD72AE82AF92AC092B7
:104920007008D0927108E0927208F09273080E94A9
:10493000B9056B017C010E94B9057601DD24CC2408
:10494000C62AD72AE82AF92AC0927408D092750894
:10495000E0927608F09277086FE070E080E090E0F7
:104960000E94EA068091341146E050E068E070E071
:1049700090E00E945A120E94B9056B017C010E94CE
:10498000B9057601DD24CC24C62AD72AE82AF92ADB
:10499000C0927808D0927908E0927A08F0927B0869
:1049A0000E94B9056B017C010E94B9057601DD24E6
:1049B000CC24C62AD72AE82AF92AC0927C08D092A9
:1049C0007D08E0927E08F0927F080E94B9056B0195
:1049D0007C010E94B9057601DD24CC24C62AD72AA1
:1049E000E82AF92AC0928008D0928108E0928208D1
:1049F000F09283086FE070E080E090E00E94EA06A9
:104A00008091341146E050E060E170E090E00E9457
:104A10005A120E94B9056B017C010E94B90576010A
:104A2000DD24CC24C62AD72AE82AF92AC092840891
:104A3000D0928508E0928608F09287080E94B90516
:104A40006B017C010E94B9057601DD24CC24C62AC5
:104A5000D72AE82AF92AC0928808D0928908E092D9
:104A60008A08F0928B080E94B9056B017C010E94B4
:104A7000B9057601DD24CC24C62AD72AE82AF92AEA
:104A8000C0928C08D0928D08E0928E08F0928F0828
:104A90006FE070E080E090E00E94EA0680913411BF
:104AA00042E050E06EE170E090E00E945A120E94F5
:104AB000B9056B017C010E94B9057601DD24CC2487
:104AC000C62AD72AE82AF92AC0929008D0929108DB
:104AD000E0929208F09293086FE070E080E090E03E
:104AE0000E94EA068091341142E050E066E370E0F3
:104AF00090E00E945A120E94B9056B017C010E944D
:104B0000B9057601DD24CC24C62AD72AE82AF92A59
:104B1000C0929408D0929508E0929608F092970877
:104B20006FE070E080E090E00E94EA06809134112E
:104B300042E050E066E470E090E00E945A120E9469
:104B4000B9056B017C010E94B9057601DD24CC24F6
:104B5000C62AD72AE82AF92AC0929808D09299083A
:104B6000E0929A08F0929B086FE070E080E090E09D
:104B70000E94EA068091341142E050E06AEF71E051
:104B800090E00E945A120E94B9056B017C010E94BC
:104B9000B9057601DD24CC246C297D298E299F2935
:104BA0000E942B2F2DEC3CEC4CEC5DE30E948C2FF3
:104BB00060939C0870939D0880939E0890939F0833
:104BC0006FE070E080E090E00E94EA06809134118E
:104BD00046E050E068E775E090E00E945A120E94BB
:104BE000B9056B017C010E94B9057601DD24CC2456
:104BF000C62AD72AE82AF92AC092A008D092A1088A
:104C0000E092A208F092A3080E94B9056B017C0112
:104C10000E94B9057601DD24CC24C62AD72AE82AC9
:104C2000F92AC092A408D092A508E092A608F092B2
:104C3000A7080E94B9056B017C010E94B9057601A5
:104C4000DD24CC24C62AD72AE82AF92AC092A8084B
:104C5000D092A908E092AA08F092AB086FE070E049
:104C600080E090E00E94EA068091341142E050E03A
:104C70006AE67DE090E00E945A120E94B9056B013D
:104C80007C010E94B9057601DD24CC24C62AD72AEE
:104C9000E82AF92AC092AC08D092AD08E092AE089A
:104CA000F092AF086FE070E080E090E00E94EA06CA
:104CB00020917116309172162115310521F1F901FB
:104CC000E35EFB42E131F10508F039C28827E4597F
:104CD000F94D8F4F0C942C31CC28CF287D267B2882
:104CE0007E288128842887289F288A288D28902834
:104CF000932896289F2899289C2868EE77E08BECCB
:104D000098E00E947D1168EA72E08BEC98E00E94C6
:104D10007D1168EA72E08BEC98E00E947D11809131
:104D2000331181113CC169EF79E089E991E10E9479
:104D3000F21361EB71E189E991E10E947A1467EF66
:104D400079E089E991E10E94C31360EF79E089E994
:104D500091E10E94C3136EEE79E089E991E10E942E
:104D6000C31360916C0870916D0880916E089091EA
:104D70006F080E944F146CEE79E089E991E10E947E
:104D8000C3136091700870917108809172089091BE
:104D900073080E944F146AEE79E089E991E10E945C
:104DA000C313609174087091750880917608909192
:104DB00077080E944F1468EE79E089E991E10E943A
:104DC000C313609178087091790880917A08909166
:104DD0007B080E944F1466EE79E089E991E10E9418
:104DE000C31360917C0870917D0880917E0890913A
:104DF0007F080E944F1464EE79E089E991E10E94F6
:104E0000C31360918008709181088091820890910D
:104E100083080E944F1462EE79E089E991E10E94D3
:104E2000C3136091840870918508809186089091E1
:104E300087080E944F1460EE79E089E991E10E94B1
:104E4000C313609188087091890880918A089091B5
:104E50008B080E944F146EED79E089E991E10E9480
:104E6000C31360918C0870918D0880918E08909189
:104E70008F080E944F146CED79E089E991E10E945E
:104E8000C31360919008709191088091920890915D
:104E900093080E944F146AED79E089E991E10E943C
:104EA000C313609194087091950880919608909131
:104EB00097080E944F1468ED79E089E991E10E941A
:104EC000C313609198087091990880919A08909105
:104ED0009B080E944F1466ED79E089E991E10E94F8
:104EE000C31364ED79E089E991E10E94C3136CEC8E
:104EF00079E089E991E10E94C3136AEC79E089E9DC
:104F000091E10E94C31360919C0870919D0880916B
:104F10009E0890919F080E944F1468EC79E089E9FF
:104F200091E10E94C31323E333E343E35FE3609122
:104F30009C0870919D0880919E0890919F080E9406
:104F40008C2F0E944F1466EC79E089E991E10E9470
:104F5000C3136091A4087091A5088091A608909150
:104F6000A7080E944F1464EC79E089E991E10E945E
:104F7000C3136091A8087091A9088091AA08909124
:104F8000AB080E944F1462EC79E089E991E10E943C
:104F9000C31360EC79E089E991E10E94C31369EAE7
:104FA00079E083E991E10E94F2136BEA71E183E910
:104FB00091E10E947A1464EA79E083E991E10E9428
:104FC000C3134AE0B80180919D1190919E110E94F7
:104FD000AB2CF80101900020E9F73197AF01401B9D
:104FE000510BB80183E991E10E9423146091931160
:104FF000709194116115710509F4D4C04091971115
:10500000509198118DE891E10E94BA1462EA79E01A
:105010008DE891E10E94C31369E971E18DE891E1A6
:105020000E947A1489E3A82E81E1B82EECE6F8E01C
:10503000F987E887D5016D917D915D016115710555
:1050400021F08BEC98E00E947D116AE578E08BEC12
:1050500098E00E947D11E885F985C190D190E1909A
:10506000F190F987E887A7019601C701B6010E9470
:1050700005316DE578E081111BC026013701E89408
:1050800077F82FEF3FEF4FE75FE7C301B2010E94D0
:10509000053181118CC02FEF3FEF4FE75FE7C30170
:1050A000B2010E94262F18160CF081C061E678E04C
:1050B0008BEC98E00E947D1168EA72E08BEC98E03E
:1050C0000E947D118BE591E18A159B0509F0B2CF15
:1050D0000E941D076093351170933611809337112C
:1050E000909338116AE070E080E090E00E94EA0658
:1050F0000E94550989C869EC77E001CE6DEB77E035
:10510000FECD6EE977E0FBCD69E877E0F8CD65E7A5
:1051100077E0F5CD6CE577E0F2CD6CE377E0EFCDAD
:1051200060E377E0ECCD63E277E0E9CD6CE077E037
:10513000E6CD6EEF76E0E3CD6CED76E0E0CD65E9AF
:1051400076E02D36310509F4DACD8CF462ED76E0A7
:105150002530310509F4D3CD6CEA76E026313105EE
:1051600009F4CDCD232BA9F46AE776E0C8CD61E13F
:1051700078E02437310509F4C2CD63E078E02638C1
:10518000310509F4BCCD2F36310519F462E876E01B
:10519000B6CD6BEF77E0B3CD66E278E0B0CD6DEBE6
:1051A00076E0ADCD8DE891E10E94EE122FCF2FEF8A
:1051B0003FEF4FE75FE4C701B6010E9400311816C8
:1051C0001CF465E678E074CF2FEF3FEF4FE75FEC1C
:1051D000C701B6010E94262F87FDF3CF20E030E003
:1051E000A901C701B6010E94262F87FF09C06DE201
:1051F0008BEC98E00E94CB08F7FAF094F7F8F09463
:105200002AE037ED43EA5BE3C701B6010E9465304F
:105210002B013C010E94D1306B017C010E942B2F9D
:105220009B01AC01C301B2010E9464302B013C011F
:105230002AE0B701A6018BEC98E00E949C116EE277
:105240008BEC98E00E94CB0820E030E040E251E493
:10525000C301B2010E948C2F2B013C010E94D1306E
:105260006B01F12CE12C2AE0B701A6018BEC98E050
:105270000E949C11C701B6010E942B2F9B01AC011B
:10528000C301B2010E94643020E030E040E251E40A
:105290000E948C2F0E94D130AB0170E060E02AE0C8
:1052A0008BEC98E00E949C1107CF80912F11909178
:1052B00030110397B1F468E977E089EC91E10E943D
:1052C000F2130E94601197FD0CC084E897E00E94E1
:1052D0008C119092301180922F1188E691E10E94FA
:1052E000311180912F1190913011059761F485E76C
:1052F00097E00E948C113092301120922F1188E695
:1053000091E10E94311180912F11909130110797F6
:10531000B1F46FE677E089EC91E10E94F2130E940C
:10532000601197FD0CC08AE597E00E948C11D09225
:105330003011C0922F1188E691E10E9431118091C5
:105340002F11909130110997B1F462E577E089EC63
:1053500091E10E94F2130E94601197FD0CC08BE353
:1053600097E00E948C11B0923011A0922F1188E624
:1053700091E10E94311180912F11909130110B9782
:10538000B1F463E377E089EC91E10E94F2130E94AB
:10539000601197FD0CC08CE197E00E948C11509237
:1053A000301140922F1188E691E10E9431118091D5
:1053B0002F11909130110D97C1F46EE077E089ECD8
:1053C00091E10E94F2130E94601197FD0EC080E0EF
:1053D00097E00E948C118EE090E0909330118093C2
:1053E0002F1188E691E10E94311180912F11909147
:1053F00030110F97C1F460EF76E089EC91E10E94E3
:10540000F2130E94601197FD0EC08FED96E00E948E
:105410008C11A0E1B0E0B0933011A0932F1188E679
:1054200091E10E94311180912F119091301141979B
:10543000C1F466ED76E089EC91E10E94F2130E94DE
:10544000601197FD0EC087EC96E00E948C11E2E19E
:10545000F0E0F0933011E0932F1188E691E10E9483
:10546000311180912F1190913011439709F08AC02A
:1054700080913111909132110197C1F461EC76E085
:1054800089EC91E10E94F2130E94601197FD0EC019
:105490008CEA96E00E948C1182E090E090933211A9
:1054A0008093311188E691E10E9431118091311190
:1054B000909132110397B1F464EA76E089EC91E1BE
:1054C0000E94F2130E94601197FD0CC08DE896E0D7
:1054D0000E948C11909232118092311188E691E1F4
:1054E0000E94311180913111909132110597B1F4E0
:1054F00065E876E089EC91E10E94F2130E94601168
:1055000097FD0CC08EE696E00E948C11309232110D
:105510002092311188E691E10E9431118091311180
:1055200090913211079791F46CE676E089EC91E165
:105530000E94F2130E94601197FD08C0D0923211B0
:10554000C092311188E691E10E94311180913111B0
:10555000909132110997B1F46DE576E089EC91E113
:105560000E94F2130E94601197FD0CC0109232113C
:105570001092311184E496E00E948C1188E691E14A
:105580000E9431116DE376E089EC91E10E94F21303
:105590000E94601197FD43C046E150E067E070E073
:1055A000C8010E94E814B8018BEA91E10E948114BD
:1055B000C8010E9400138BEA91E10E943D11811104
:1055C00002C070926B088091AF119091B0110F974B
:1055D00011F070926B086BE276E08DEB91E10E9426
:1055E000F2136BEA71E18DEB91E10E947A146AE1AA
:1055F00076E08DEB91E10E94C31367E076E087EBE4
:1056000091E10E94F2136BEA71E187EB91E10E9454
:105610007A1460E076E087EB91E10E94C31368EFB3
:1056200075E089EC91E10E94F2130E94601197FDF0
:1056300021C049E050E068E070E0C8010E94E81431
:10564000B80185EA91E10E948114C8010E9400130B
:1056500066EF75E0C8010E941A14B80185EA91E16D
:105660000E949313F82EC8010E940013F11002C08B
:1056700070926B086EEE75E089EC91E10E94F21376
:105680000E94601197FD21C04BE050E068E070E09F
:10569000C8010E94E814B8018FE991E10E948114C9
:1056A000C8010E9400136AEE75E0C8010E941A1436
:1056B000B8018FE991E10E949313F82EC8010E946E
:1056C0000013F11002C070926B0864EE75E089EC73
:1056D00091E10E94F2130E94601197FD55C061EEA6
:1056E00075E089EC91E10E94F2130E9460117C0147
:1056F0006FED75E089EC91E10E94F2130E94601158
:10570000B7016E5F7F4FAC01C8010E94E814B80179
:1057100081EB91E10E948114C8010E9400136CED9D
:1057200075E0C8010E941A14B80181EB91E10E9452
:105730009313F82EC8010E940013F11070926B08A9
:1057400081EB91E10E943D11811108C070926B08BC
:105750006AED75E081EB91E10E94F2138091B11145
:105760009091B211009709F46AC80E945F2C6550AD
:1057700071096B31710540F070926B0868ED75E04E
:1057800081EB91E10E94F2136FEC75E089EC91E1FD
:105790000E94F2130E94601197FD21C04EE050E07C
:1057A00069E070E0C8010E94E814B80181E891E165
:1057B0000E948114C8010E94001369EC75E0C801C1
:1057C0000E941A14B80181E891E10E949313F82E07
:1057D000C8010E940013F11002C070926B0860ECC7
:1057E00075E089EC91E10E94F2130E94601197FD2F
:1057F00021C040E150E069E070E0C8010E94E81477
:10580000B8018BE791E10E948114C8010E94001346
:1058100068EB75E0C8010E941A14B8018BE791E1AA
:105820000E949313F82EC8010E940013F11002C0C9
:1058300070926B086EEA75E089EC91E10E94F213B8
:105840000E94601197FD15C04EE250E069E270E0E1
:10585000C8010E94E814B80187E891E10E94811410
:10586000C8010E94001367E871E18BEC98E00E9488
:1058700032126DEA75E083EC91E10E94F2130C9410
:10588000B423EF920F931F93CF93DF93E80134E09B
:1058900047FD34E1042E000C550B57FF03C0519512
:1058A00041955109E32E022F242FAE010E94C52CF1
:1058B000CE01DF91CF911F910F91EF9008951F932B
:1058C000FC0199278827BC01E89411911032E9F373
:1058D000193010F01E30C8F31B3251F01D3249F45C
:1058E000689406C00E94962C610F711D811D911D48
:1058F000119110531A30B0F33EF490958095709545
:1059000061957F4F8F4F9F4F1F910895FB01DC01E1
:1059100005900D920020E1F70895FC01059000200C
:10592000E9F7809590958E0F9F1F0895592F482F66
:10593000372F262F660F771F881F991F660F771F37
:10594000881F991F620F731F841F951F660F771F93
:10595000881F991F0895BB27FB015527AA27880F89
:10596000991FAA1FA41710F0A41B83955051B9F7D3
:10597000A05DAA3308F0A95DA193009779F7B11152
:10598000B1931192CB010C94162F8F929F92AF92EC
:10599000BF92CF92DF92EF92FF920F931F93CF931C
:1059A000DF9300D000D000D0CDB7DEB76A01F22E71
:1059B000B02E102FFBE3AF2EA01608F41BE31F5FE1
:1059C000012F27E0AE014F5F5F4F0E943E2EBC01CA
:1059D0008981982F9970913009F44EC09BE2E1FCC7
:1059E00004C09E2D9170E0FC49C05E2D5071E82FDF
:1059F000E87083FF55C084E0911101C083E0EF2D72
:105A0000E81B8F1508F0E0E0D6018E2F20E2552329
:105A1000C9F1992329F0D6019C93C60101966C0126
:105A200096012D5F3F4FE2FE33C08EE4D6018C938A
:105A300091E411969C93119712968C93D9018E2F15
:105A400090E281112AC0E20FF32FF11D10828EEF38
:105A50009FEF29960FB6F894DEBF0FBECDBFDF9142
:105A6000CF911F910F91FF90EF90DF90CF90BF905B
:105A7000AF909F908F9008959DE2B7CF90E2B5CF01
:105A80002D9381508111FCCFCE0ED11CE0E0C1CF0F
:105A90008EE6D6018C9391E6CCCF9D938150D1CFE9
:105AA000482F447082FF3DC084E0911101C083E023
:105AB0008F1510F4EF2DE81BD6018E2F20E2552311
:105AC00009F1992329F0D6019C93C60101966C0136
:105AD00096012D5F3F4FE2FE1BC089E4D6018C93F7
:105AE0008EE411968C93119786E412968C93D901CB
:105AF0008E2F90E2882309F4A6CF9D938150FACF90
:105B00002D9381508111FCCFCE0ED11CE0E0D9CF76
:105B100089E6D6018C938EE611968C93119786E6D2
:105B2000E4CF9B0177FF02C030E020E0A1E0B0E0CD
:105B3000911102C0B0E0A0E0F9013196AE0FBF1F95
:105B40008B2C912CBB2009F461C05401EFEFAE1AED
:105B5000BE0AAA0DBB1DFA161B0619F014F04F2D34
:105B60004A1B511188C0E3FC59C07601A42FB0E252
:105B7000A1114FC0C40ED11C992309F45BC040E0B1
:105B8000D6011196F60190836D01552309F448C0A2
:105B9000012F060F9A81582F507184FF03C0913353
:105BA00009F4015010160CF047C0093008F008E065
:105BB000EEE2FE2E5B01A01AB1088501919481945A
:105BC00091082F3F320729F4D601FC92F601319655
:105BD0006F016217730794F1021713077CF5DB015D
:105BE000A21BB30BAA24A394B12CAC0EBD1EAA0D0C
:105BF000BB1D11968C9121503109D60111962815A3
:105C00003905F4F0F60180836D01DBCFB12CA12CB6
:105C1000A0CFF701B1937F01A150AACF9111B0CFCE
:105C2000D601942F50E302C05D9391509111FCCFA7
:105C3000C40ED11C40E0ACCF01E0BACF80E3DBCF93
:105C40006217730731F4963388F4953311F45523B2
:105C500069F0F6018083FD01842F90E2811108C074
:105C6000A40FB11D1C9290E080E0F3CE81E3F1CF50
:105C700091938150F3CF911183CF8ACF283008F0D0
:105C800027E03327DA01990F311D87FD91600096D7
:105C90006105710539F432602E5F3D9330E32A953A
:105CA000E1F708959F3F30F080387105610509F0F4
:105CB0003C5F3C5F3D93913008F08068911DDF931D
:105CC000CF931F930F93FF92EF92192F987F969582
:105CD000E92F96959695E90FFF27EE52FD4F9927EC
:105CE0003327EE24FF24A701E701059008940794C9
:105CF00028F4360FE71EF81E491F511D660F771F47
:105D0000881F991F0694A1F70590079428F4E70EC1
:105D1000F81E491F561FC11D770F881F991F661F48
:105D20000694A1F70590079428F4F80E491F561F12
:105D3000C71FD11D880F991F661F771F0694A1F7F3
:105D40000590079420F4490F561FC71FD81F990FBD
:105D5000661F771F881F0694A9F784911095177006
:105D600041F0D695C79557954795F794E7941A95BE
:105D7000C1F7E8E7F2E068941590159135916591C7
:105D8000959105907FE27395E118F10A430B560B4C
:105D9000C90BD009C0F7E10CF11E431F561FC91FE4
:105DA000D01D7EF4703311F48A95E6CFE89401504B
:105DB00030F0080F0AF40027021708F4202F23956B
:105DC000022F7A3328F079E37D932A95E9F710C002
:105DD0007D932A9589F6069497956795379517953B
:105DE0001794E118F10A430B560BC90BD00998F030
:105DF00023957E9173957A3308F070E37C9320139A
:105E0000B8F77E9170617D9330F0839571E37D9357
:105E100070E32A95E1F71124EF90FF900F911F9105
:105E2000CF91DF91992787FD90950895DC01FC01C2
:105E3000672F71917723E1F7329704C07C916D93BE
:105E400070836291AE17BF07C8F308950E94682F50
:105E500008F481E00895E89409C097FB3EF490951A
:105E60008095709561957F4F8F4F9F4F9923A9F033
:105E7000F92F96E9BB279395F695879577956795C2
:105E8000B795F111F8CFFAF4BB0F11F460FF1BC006
:105E90006F5F7F4F8F4F9F4F16C0882311F096E999
:105EA00011C0772321F09EE8872F762F05C0662347
:105EB00071F096E8862F70E060E02AF09A95660F00
:105EC000771F881FDAF7880F9695879597F90895B9
:105ED000990F0008550FAA0BE0E8FEEF16161706FB
:105EE000E807F907C0F012161306E407F50798F063
:105EF000621B730B840B950B39F40A2661F0232B7C
:105F0000242B252B21F408950A2609F4A140A695F7
:105F10008FEF811D811D08950E949F2F0C941030DA
:105F20000E94023038F00E94093020F0952311F0D1
:105F30000C94F92F0C94FF2F11240C9444300E94E0
:105F4000213070F3959FC1F3950F50E0551F629F6C
:105F5000F001729FBB27F00DB11D639FAA27F00DC2
:105F6000B11DAA1F649F6627B00DA11D661F829FE9
:105F70002227B00DA11D621F739FB00DA11D621FCE
:105F8000839FA00D611D221F749F3327A00D611DEB
:105F9000231F849F600D211D822F762F6A2F1124CD
:105FA0009F5750409AF0F1F088234AF0EE0FFF1F00
:105FB000BB1F661F771F881F91505040A9F79E3F57
:105FC000510580F00C94F92F0C9444305F3FE4F3BA
:105FD000983ED4F3869577956795B795F795E795AD
:105FE0009F5FC1F7FE2B880F911D9695879597F9B6
:105FF000089597F99F6780E870E060E008959FEF4B
:1060000080EC089500240A9416161706180609064F
:10601000089500240A94121613061406050608951E
:10602000092E0394000C11F4882352F0BB0F40F4A6
:10603000BF2B11F460FF04C06F5F7F4F8F4F9F4FE6
:10604000089557FD9058440F551F59F05F3F71F068
:106050004795880F97FB991F61F09F3F79F08795CF
:106060000895121613061406551FF2CF4695F1DF58
:1060700008C0161617061806991FF1CF86957105E8
:10608000610508940895E894BB2766277727CB011C
:1060900097F908950E945530A59F900DB49F900DDB
:1060A000A49F800D911D11240895A29FB001B39F5C
:1060B000C001A39F700D811D1124911DB29F700D11
:1060C000811D1124911D08955058BB27AA270E94B5
:1060D0007C300C9410300E94023038F00E9409305D
:1060E00020F039F49F3F19F426F40C94FF2F0EF49E
:1060F000E095E7FB0C94F92FE92F0E94213058F32B
:10610000BA17620773078407950720F079F4A6F59C
:106110000C9443300EF4E0950B2EBA2FA02D0B01FA
:10612000B90190010C01CA01A0011124FF27591BDC
:1061300099F0593F50F4503E68F11A16F040A22FE2
:10614000232F342F4427585FF3CF46953795279553
:10615000A795F0405395C9F77EF41F16BA0B620B52
:10616000730B840BBAF09150A1F0FF0FBB1F661F99
:10617000771F881FC2F70EC0BA0F621F731F841FDC
:1061800048F4879577956795B795F7959E3F08F002
:10619000B0CF9395880F08F09927EE0F97958795C4
:1061A00008950E94293088F09F5798F0B92F9927B9
:1061B000B751B0F0E1F0660F771F881F991F1AF0F2
:1061C000BA95C9F714C0B13091F00E944330B1E0E4
:1061D00008950C944330672F782F8827B85F39F0E3
:1061E000B93FCCF3869577956795B395D9F73EF48B
:1061F00090958095709561957F4F8F4F9F4F089533
:106200000E94682F08F48FEF08950E94682F880B72
:10621000990B0895A1E21A2EAA1BBB1BFD010DC00C
:10622000AA1FBB1FEE1FFF1FA217B307E407F50746
:1062300020F0A21BB30BE40BF50B661F771F881F22
:10624000991F1A9469F760957095809590959B01B8
:10625000AC01BD01CF010895EE0FFF1F881F8BBF5A
:106260000790F691E02D19940F931F93CF93DF932E
:106270008230910510F482E090E0E0917B16F0917D
:106280007C1630E020E0B0E0A0E0309799F42115D2
:10629000310509F44AC0281B390B24303105D8F5E3
:1062A0008A819B816115710589F1FB01938382834A
:1062B000FE0111C0408151810281138148175907A5
:1062C000E0F04817590799F4109761F012960C9373
:1062D000129713961C933296CF01DF91CF911F91A5
:1062E0000F91089500937B1610937C16F4CF21151F
:1062F000310551F04217530738F0A901DB019A012B
:10630000BD01DF01F801C1CFEF01F9CF90937C16F9
:1063100080937B16CDCFFE01E20FF31F8193919303
:106320002250310939832883D7CF209179163091B3
:106330007A16232B41F4209102023091030230930C
:106340007A162093791620910002309101022115CE
:10635000310541F42DB73EB740910402509105023A
:10636000241B350BE0917916F0917A16E217F307AA
:10637000A0F42E1B3F0B2817390778F0AC014E5FB5
:106380005F4F2417350748F04E0F5F1F50937A1662
:1063900040937916819391939FCFF0E0E0E09CCFFA
:1063A000CF93DF930097E9F0FC01329713821282BA
:1063B000A0917B16B0917C16ED0130E020E01097A3
:1063C000A1F420813181820F931F209179163091A1
:1063D0007A162817390709F061C0F0937A16E0930E
:1063E0007916DF91CF910895EA01CE17DF07E8F51E
:1063F0004A815B819E0141155105B1F7E901FB839B
:10640000EA8349915991C40FD51FEC17FD0761F438
:10641000808191810296840F951FE9019983888379
:10642000828193819B838A83F0E0E0E012968D91D4
:106430009C9113970097B9F52D913C911197CD013F
:106440000296820F931F2091791630917A162817A1
:10645000390739F6309751F510927C1610927B1659
:10646000B0937A16A0937916BCCFD383C2834081B0
:106470005181840F951FC817D90761F44E5F5F4F94
:1064800088819981480F591F518340838A819B815C
:10649000938382832115310509F0B0CFF0937C16E8
:1064A000E0937B169ECFFD01DC01C0CF13821282E8
:1064B000D7CF4F925F926F927F928F929F92AF92BF
:1064C000BF92CF92DF92EF92FF920F931F93CF93E1
:1064D000DF938C01009799F4CB01DF91CF911F914D
:1064E0000F91FF90EF90DF90CF90BF90AF909F9073
:1064F0008F907F906F905F904F900C943431FC019F
:10650000E60FF71F9C0122503109E217F30708F448
:10651000AEC0D901CD91DC911197C617D70720F1F4
:10652000C530D10578F0CE0104978617970750F053
:10653000C61BD70B2297C193D1936D937C93CF0148
:106540000E94D031C801DF91CF911F910F91FF9030
:10655000EF90DF90CF90BF90AF909F908F907F9003
:106560006F905F904F9008955B01AC1ABD0A4C018B
:106570008C0E9D1EA0917B16B0917C16512C412C47
:10658000F12CE12C109731F58091791690917A16C3
:106590008815990509F05CC04616570608F058C0E2
:1065A0008091000290910102009741F48DB79EB74F
:1065B0004091040250910502841B950BE817F907DE
:1065C00008F055C0F0937A16E0937916F9017183BB
:1065D0006083B8CF8D919C91119712966C90129711
:1065E00013967C901397A815B90559F56C0142E0F4
:1065F000C40ED11CCA14DB0420F1AC014A195B099A
:10660000DA011296159780F062827382518340837B
:10661000D9016D937C93E114F10471F0D7011396C5
:10662000FC93EE9312978ECF22968C0F9D1FF9014B
:1066300091838083F301EFCFF0937C16E0937B1678
:1066400081CF4816590608F42C017D01D3019ACF59
:10665000CB010E9434317C01009749F0AE01B801B2
:106660000E943F33C8010E94D03187016BCF10E0F8
:1066700000E068CF81E090E0F8940C941836FB01BC
:10668000DC0102C001900D9241505040D8F70895AE
:10669000FB01DC018D91019080190110D9F3990B58
:1066A0000895FB01DC0101900D920020E1F70895AF
:1066B000FB0151915523A9F0BF01DC014D91451714
:1066C0004111E1F759F4CD010190002049F04D91BD
:1066D00040154111C9F3FB014111EFCF81E090E07A
:1066E000019708952F923F924F925F926F927F92FF
:1066F0008F929F92AF92BF92CF92DF92EF92FF92D2
:106700000F931F93CF93DF9300D000D000D01F9240
:106710001F92CDB7DEB77C013B018A01FC011782D5
:106720001682838181FFDDC1CE0101965C01F701F4
:106730009381F30193FD859193FF81913F0188231C
:1067400009F453C1853239F493FD859193FF81910A
:106750003F01853229F4B70190E00E948A35E7CFE6
:10676000912C212C312CFFE1F31538F08B3211F1F3
:1067700090F4803209F1833229F137FC3CC020EDDE
:10678000280F2A3050F536FE20C08AE0989E200D52
:106790001124922E06C08D3291F0803371F76894E7
:1067A00030F8F30193FD859193FF81913F018111B1
:1067B000DACF21C0689431F8689432F8F2CF689447
:1067C00033F8EFCF689434F8ECCFEAE02E9E200D3A
:1067D0001124222E689435F8E4CF8E3229F436FC49
:1067E00004C1689436F8DDCF8C3619F4689437F814
:1067F000D8CF8836B1F2982F9F7D95549330E0F032
:106800008336A1F18337C1F1833509F063C02801D4
:10681000F2E04F0E511CF801C080D180692D70E06C
:1068200036FC02C06FEF7FEFC6010E9474354C0149
:10683000689437F882010AC00C5F1F4FFFE3F983A9
:1068400088248394912C6501E89437F833FE2DC099
:10685000522C8114910471F5552009F468CFB701C9
:1068600080E290E00E948A355A94F6CFF801808148
:1068700089830E5F1F4FE4CF2801F2E04F0E511CB9
:10688000F801C080D180692D70E036FC02C06FEF46
:106890007FEFC6010E947F354C018201D5CFB70141
:1068A00080E290E00E948A352A942814190409F0A5
:1068B000B0F7CECFF60137FC859137FE81916F019D
:1068C000B70190E00E948A3551105A94F1E08F1A76
:1068D0009108BFCF843619F0893609F077C0F801E6
:1068E00037FE6BC060817181828193810C5F1F4F85
:1068F000F32DFF763F2E97FF09C0909580957095F8
:1069000061957F4F8F4F9F4F689437F82AE030E0B2
:10691000A5010E94BA35C82ECA188C2C432C36FE0D
:106920000CC0E89440F8C91440F434FE05C032FCB1
:1069300003C0F32DFE7E4F2E892C44FEAAC0FE011B
:10694000EC0DF11D8081803309F09CC0242D297E3F
:10695000422E842D8870582E43FCAAC040FEA4C04D
:106960009C2C821418F42C0C922C981844FEA6C06F
:10697000B70180E390E00E948A3542FE09C088E7B3
:1069800090E041FE02C088E590E0B7010E948A35A0
:10699000C91408F49FC0CA94D12C9FEFC91AD90A10
:1069A000CA0CDB1CF60182916F01B70190E00E94D6
:1069B0008A35AC14BD04B1F74FCF60817181072EC9
:1069C000000C880B990B0E5F1F4F92CFD32CE894CD
:1069D000D4F82AE030E08537E1F1232D297FD22E4B
:1069E0008F36A9F1F0F4883551F1F701868197814E
:1069F0002B960FB6F894DEBF0FBECDBFDF91CF91BF
:106A00001F910F91FF90EF90DF90CF90BF90AF90CC
:106A10009F908F907F906F905F904F903F902F90BE
:106A20000895803749F0883701F7D4FE02C0689492
:106A3000D2F820E130E00DC06894D4F8F6CF34FEEF
:106A400003C0822F8660D82E20E132E002C028E009
:106A500030E0F801D7FE0FC060817181828193819F
:106A60000C5F1F4FA5010E94BA35C82ECA183D2CD5
:106A7000E89437F852CF6081718190E080E00E5F3A
:106A80001F4FF0CF42FC02C0839463CF8394839462
:106A900060CF842D867809F45CCFF6CFB70180E211
:106AA00090E00E948A3583948214C0F3512C5ECF0B
:106AB000522C5818821408F459CFF8CF842D8678B8
:106AC00009F466CF8BE241FE80E247FC8DE2B7011C
:106AD00090E05CCFB70180E390E00E948A359A9401
:106AE00057CF8FEF9FEF84CFFC010590615070402E
:106AF0000110D8F7809590958E0F9F1F0895FC0187
:106B00006150704001900110D8F7809590958E0FDC
:106B10009F1F08950F931F93CF93DF93182F092F73
:106B2000EB018B8181FD09C01FEF0FEF812F902FAB
:106B3000DF91CF911F910F91089582FF14C02E8194
:106B40003F818C819D81281739073CF4E881F981C8
:106B5000CF0101969983888310838E819F8101964E
:106B60009F838E83E3CFE885F985812F1995892B43
:106B7000A1F3DACFFA01AA27283051F1203181F1AF
:106B8000E8946F936E7F6E5F7F4F8F4F9F4FAF4F35
:106B9000B1E03ED0B4E03CD0670F781F891F9A1F48
:106BA000A11D680F791F8A1F911DA11D6A0F711DFC
:106BB000811D911DA11D20D009F468943F912AE008
:106BC000269F11243019305D3193DEF6CF010895F0
:106BD000462F4770405D4193B3E00FD0C9F7F6CF21
:106BE000462F4F70405D4A3318F0495D31FD4052E9
:106BF000419302D0A9F7EACFB4E0A695979587957F
:106C000077956795BA95C9F700976105710508955D
:106C10009B01AC010A2E0694579547953795279509
:106C2000BA95C9F7620F731F841F951FA01D0895A1
:106C300015E0C5E8D5E000E006C0802FFE010E9407
:106C40002C312196011DC638D10780E00807A9F72D
:106C5000F894FFCF00007D16800059056A057B057A
:106C60008C059D05AE05BF05D005E105F2050306BF
:106C70001406250636064706580669060000010078
:106C800002000001F50F7D13EA0F780FD70F0B0FED
:106C9000EC0E990E970F850E620E480E280EC00D51
:106CA000081300000000CB088C07060835097C0794
:106CB00018083208000000007B13000000000000EC
:106CC0000000861514133E130000000048136013E3
:106CD000000000006A13711300000000E8110000BA
:106CE000000009108C071F111D103E1028103310D2
:106CF0000811DF10F4109310491007100D0A0072EC
:106D00006561645F6269747300726561645F696E76
:106D10007075745F6269747300726561645F696E37
:106D20007075745F726567697374657273007265FC
:106D300061645F72656769737465727300496C6C36
:106D40006567616C206E62206F662076616C756588
:106D50007320256420696E20257320286D617820BA
:106D60002564290A00496C6C6567616C2064617454
:106D70006120616464726573732030782530582017
:106D8000696E2025730A00496C6C6567616C20642C
:106D9000617461206164647265737320307825309A
:106DA0005820696E2077726974655F6269740A00A1
:106DB000496C6C6567616C20646174612076616CFC
:106DC000756520307825305820696E207772697497
:106DD000655F626974207265717565737420617492
:106DE0002061646472657373202530580A00496C11
:106DF0006C6567616C2064617461206164647265B4
:106E0000737320307825305820696E20777269744A
:106E1000655F72656769737465720A00496C6C65B9
:106E200067616C206E756D626572206F6620766199
:106E30006C75657320256420696E207772697465AE
:106E40005F6269747320286D6178202564290A00C7
:106E5000496C6C6567616C20646174612061646475
:106E60007265737320307825305820696E207772F0
:106E70006974655F626974730A00496C6C65676167
:106E80006C206E756D626572206F662076616C7520
:106E9000657320256420696E2077726974655F725E
:106EA000656769737465727320286D617820256445
:106EB000290A00496C6C6567616C2064617461200B
:106EC0006164647265737320307825305820696E70
:106ED0002077726974655F72656769737465727330
:106EE0000A004C4D42332E312E3400496C6C6567DC
:106EF000616C206E62206F662076616C7565732010
:106F0000285725642C205225642920696E20777229
:106F10006974655F616E645F726561645F72656705
:106F200069737465727320286D6178205725642C0D
:106F300020522564290A00496C6C6567616C2064E5
:106F40006174612072656164206164647265737349
:106F5000203078253058206F722077726974652050
:106F600061646472657373203078253058207772BD
:106F70006974655F616E645F726561645F726567A5
:106F80006973746572730A00556E6B6E6F776E204D
:106F90004D6F646275732066756E6374696F6E20E1
:106FA000636F64653A2030782530580A0055616E69
:106FB000202020202020202020202020200055627A
:106FC0006E2020202020202020202020202000555E
:106FD000636E202020202020202020202020200040
:106FE00055616220202020202020202020202020E9
:106FF00000556263202020202020202020202020F7
:1070000020005563612020202020202020202020E7
:107010002020004961202020202020202020202026
:107020002020200049622020202020202020202015
:107030002020202000496320202020202020202004
:107040002020202020005020546F74616C202020CC
:1070500020202020202000504620546F74616C2096
:107060002020202020202000496E202843616C63CE
:10707000756C617465642920006B576820546F74C7
:10708000616C2020202020202000496120544844A9
:107090002020202020202020202000496220544849
:1070A000442020202020202020202000496320543C
:1070B000484420202020202020202020005320543D
:1070C0006F74616C20202020202020202000537528
:1070D000636365737300436F6E6E656374696F6E8F
:1070E00020726566757365640050726F746F636FAC
:1070F0006C206E6F7420617661696C61626C6500F2
:10710000496E76616C696420617267756D656E7435
:1071100000496C6C6567616C206461746120616416
:10712000647265737300492F4F206572726F72002D
:10713000526573706F6E7365206E6F742066726F28
:107140006D2072657175657374656420736C61760A
:107150006500546F6F206D616E7920646174610009
:10716000496E76616C696420657863657074696FD7
:107170006E20636F646500496E76616C696420649B
:1071800061746100496E76616C696420435243000A
:107190005461726765742064657669636520666111
:1071A000696C656420746F20726573706F6E640023
:1071B00047617465776179207061746820756E61CC
:1071C0007661696C61626C65004D656D6F727920E6
:1071D000706172697479206572726F72004E6567B2
:1071E00061746976652061636B6E6F776C65646747
:1071F0006500536C61766520646576696365206F10
:107200007220736572766572206973206275737976
:107210000041636B6E6F776C6564676500536C61EA
:10722000766520646576696365206F722073657288
:10723000766572206661696C75726500496C6C6573
:1072400067616C20646174612076616C75650055BE
:107250006E6B6E6F776E004E6F7420737570706F0B
:107260007274656400436F6E6E656374696F6E203F
:1072700074696D6564206F757400496C6C65676135
:107280006C2066756E6374696F6E004661696C652B
:107290006420746F207374617274204D6F64627522
:1072A000732052545520436C69656E7421003A2056
:0E72B000006E616E00696E66006F766600000B
:020000040003F7
:10E000000D9489F10D94B2F10D94B2F10D94B2F129
:10E010000D94B2F10D94B2F10D94B2F10D94B2F1F0
:10E020000D94B2F10D94B2F10D94B2F10D94B2F1E0
:10E030000D94B2F10D94B2F10D94B2F10D94B2F1D0
:10E040000D94B2F10D94B2F10D94B2F10D94B2F1C0
:10E050000D94B2F10D94B2F10D94B2F10D94B2F1B0
:10E060000D94B2F10D94B2F10D94B2F10D94B2F1A0
:10E070000D94B2F10D94B2F10D94B2F10D94B2F190
:10E080000D94B2F10D94B2F10D94B2F10D94B2F180
:10E090000D94B2F10D94B2F10D94B2F10D94B2F170
:10E0A0000D94B2F10D94B2F10D94B2F10D94B2F160
:10E0B0000D94B2F10D94B2F10D94B2F10D94B2F150
:10E0C0000D94B2F10D94B2F10D94B2F10D94B2F140
:10E0D0000D94B2F10D94B2F10D94B2F10D94B2F130
:10E0E0000D94B2F141546D656761323536300041AF
:10E0F000726475696E6F206578706C6F72657220DE
:10E1000073746B3530305632206279204D4C530099
:10E11000426F6F746C6F616465723E004875683F52
:10E1200000436F6D70696C6564206F6E203D200048
:10E130004350552054797065202020203D20005FF9
:10E140005F4156525F415243485F5F3D2000415658
:10E1500052204C696243205665723D20004743437C
:10E160002056657273696F6E203D20004350552024
:10E1700049442020202020203D20004C6F7720663D
:10E18000757365202020203D20004869676820665F
:10E190007573652020203D200045787420667573D6
:10E1A00065202020203D20004C6F636B2066757336
:10E1B000652020203D20004D617220203720323024
:10E1C000313300312E362E3800342E332E350056A2
:10E1D00023202020414444522020206F7020636F70
:10E1E00064652020202020696E73747275637469E1
:10E1F0006F6E2061646472202020496E74657272B3
:10E20000757074006E6F20766563746F7200726A49
:10E210006D702020006A6D70200057686174207056
:10E220006F72743A00506F7274206E6F7420737541
:10E2300070706F72746564004D7573742062652030
:10E2400061206C6574746572002000577269747483
:10E25000696E672045450052656164696E672045B7
:10E26000450045452065727220636E743D00504F35
:10E27000525400303D5A65726F2061646472003FF1
:10E280003D43505520737461747300403D454550C3
:10E29000524F4D207465737400423D426C696E6B41
:10E2A000204C454400453D44756D70204545505215
:10E2B0004F4D00463D44756D7020464C415348001B
:10E2C000483D48656C70004C3D4C69737420492F83
:10E2D0004F20506F72747300513D51756974005234
:10E2E0003D44756D702052414D00563D73686F7707
:10E2F00020696E7465727275707420566563746FF0
:10E30000727300593D506F727420626C696E6B00BD
:10E310002A0011241FBECFEFD1E2DEBFCDBF01E046
:10E320000CBF12E0A0E0B2E0EEE1FDEF03E00BBFB6
:10E3300002C007900D92A030B107D9F712E0A0E01B
:10E34000B2E001C01D92AE30B107E1F70F9460F367
:10E350000D948DFE01E20EBF0FEF0DBF11241FBE05
:10E360000D9460F30D9400F020E030E040ED57E0B4
:10E3700005C0FA013197F1F72F5F3F4F2817390792
:10E38000C0F308959C01260F311DC901A0E0B0E043
:10E390002F5F3F4FABBFFC018791882361F08093D3
:10E3A000C6008091C00086FFFCCF8091C0008064D1
:10E3B0008093C000EACF08958DE08093C6008091DD
:10E3C000C00086FFFCCF8091C00080648093C000B5
:10E3D0008AE08093C6008091C00086FFFCCF8091C8
:10E3E000C00080648093C00008950F94C2F10F9420
:10E3F000DCF10895FC019081992359F09093C600B7
:10E400008091C00086FFFCCF8091C0008064809323
:10E41000C0003196992379F70895282F982F929567
:10E420009F70892F805D8A3308F0895F8093C600D2
:10E430008091C00086FFFCCF8091C00080648093F3
:10E44000C000822F8F70982F905D9A3308F0995FEB
:10E450009093C6008091C00086FFFCCF8091C000E1
:10E4600080648093C00008959C01FB01853691056E
:10E470001CF46330710594F0C90164E670E00F94F8
:10E480002EFE605D7F4F6093C6008091C00086FFC6
:10E49000FCCF8091C00080648093C0002B30310598
:10E4A00014F43297B4F0C90164E670E00F942EFEC4
:10E4B0006AE070E00F942EFE605D7F4F6093C600AF
:10E4C0008091C00086FFFCCF8091C0008064809363
:10E4D000C000C9016AE070E00F942EFEC0968093E0
:10E4E000C6008091C00086FFFCCF8091C000806490
:10E4F0008093C00008951F93182F8EE692EE60E07F
:10E500000F94C2F11093C6008091C00086FFFCCF2B
:10E510008091C00080648093C0000F94DCF11F9153
:10E5200008952F923F924F925F926F927F928F92B7
:10E530009F92AF92BF92CF92DF92EF92FF920F9392
:10E540001F93DF93CF93CDB7DEB762970FB6F894E2
:10E55000DEBF0FBECDBF382E622ECA01DB015C01CB
:10E560006D01772420E2222E2E010894411C511CBB
:10E570008BC081E0A81680E0B80681E0C80680E084
:10E58000D80628F0C601AA27BB270F940DF2BB2797
:10E59000AD2D9C2D8B2D0F940DF28A2D0F940DF225
:10E5A0002092C6008091C00086FFFCCF8091C00001
:10E5B00080648093C0009DE29093C6008091C0006B
:10E5C00086FFFCCF8091C00080648093C0002092C1
:10E5D000C6008091C00086FFFCCF8091C00080649F
:10E5E0008093C00019828601750188249924A1E0D6
:10E5F0003A1651F03A1620F0B2E03B1661F409C029
:10E600000BBFF701779007C0C7010F9477FE782EF4
:10E6100002C0F7017080872D0F940DF22092C60082
:10E620008091C00086FFFCCF8091C0008064809301
:10E63000C000872D8052F401EF70F0708F3520F408
:10E64000E40DF51D708204C0E40DF51D8EE280839B
:10E650000894E11CF11C011D111D0894811C911CE2
:10E6600090E18916910409F0C2CF80E190E0A0E02A
:10E67000B0E0A80EB91ECA1EDB1E198AC2010F9493
:10E68000FAF10F94DCF16A94662009F072CF629679
:10E690000FB6F894DEBF0FBECDBFCF91DF911F91B3
:10E6A0000F91FF90EF90DF90CF90BF90AF909F9031
:10E6B0008F907F906F905F904F903F902F90089534
:10E6C0002F923F924F925F926F927F928F929F9282
:10E6D000AF92BF92CF92DF92EF92FF920F931F9370
:10E6E000DF93CF93CDB7DEB7CD53D1400FB6F894BB
:10E6F000DEBF0FBECDBF01E20EBF0FEF0DBF94B75F
:10E70000F894A89514BE80916000886180936000A1
:10E7100010926000789493FF05C0E0910002F091A0
:10E7200001021995279A2F9A8091C00082608093E8
:10E73000C00080E18093C40088E18093C1000000A4
:10E74000EE24FF24870144E0A42EB12CCC24DD2448
:10E7500024C0C5010197F1F70894E11CF11C011DCB
:10E76000111D21E2E2162EE4F20620E0020720E06D
:10E77000120718F031E0C32ED12CC801B70127ECE5
:10E780003BE140E050E00F9441FE611571058105C9
:10E79000910519F485B1805885B98091C00087FD35
:10E7A00003C0C114D104A9F2A6014F5F5F4FC25E3E
:10E7B000DE4F59834883CE51D140C25EDE4F8881FF
:10E7C0009981CE51D140019711F00D9410FEC05D9A
:10E7D000DE4F19821882C053D14060E0C15DDE4F28
:10E7E0001882CF52D14088249924C35DDE4F19820C
:10E7F0001882CD52D140C05EDE4F188219821A8233
:10E800001B82C052D140CE5CDE4F188219821A8220
:10E810001B82C253D140EE24FF2487010BBFF701B6
:10E8200007911691C45CDE4F19830883CC53D14005
:10E830000D940BFEC25EDE4F28813981CE51D1404E
:10E840002130310509F52091C600C25EDE4F1982E4
:10E850001882CE51D14022C02F5F3F4F4F4F5F4FA4
:10E86000213082E138078AE7480780E0580780F0C6
:10E87000C45CDE4FE881F981CC53D140EF5FFF4F9C
:10E8800019F0EE27FF27099420E030E040E050E047
:10E890008091C00087FFE0CF2091C600C35DDE4FAE
:10E8A00048815981CD52D1404F5F5F4FC35DDE4FEC
:10E8B00059834883CD52D140213209F063C64A3092
:10E8C000510508F05FC60894811C911C53E0851621
:10E8D000910409F059C600E010E018C081E280936D
:10E8E000C6008091C00086FFFCCF8091C00080648C
:10E8F0008093C0002F5F3F4F2931310579F70F9486
:10E90000DCF10F5F1F4F0530110519F020E030E0FA
:10E91000E5CF10920A0210920B0210920C02109294
:10E920000D02109206021092070210920802109235
:10E930000902109202021092030210920402109235
:10E9400005028FEE90EE60E00F94F5F180E191EE1C
:10E9500060E00F94C2F18091C00087FFFCCF9091DE
:10E96000C600903608F09F759032B8F09093C600BC
:10E970008091C00086FFFCCF8091C00080648093AE
:10E98000C000A0E2A093C6008091C00086FFFCCF2B
:10E990008091C00080648093C000983409F4D7C18E
:10E9A0009934B8F4923409F459C1933458F490333B
:10E9B00019F1903308F4E3C59F33A1F1903409F0C5
:10E9C000DEC5BDC0953409F470C1963409F0D7C5D1
:10E9D00098C1923509F42BC2933538F49C3409F46C
:10E9E000F5C1913509F0CBC518C2963509F445C279
:10E9F000993509F0C4C567C483E792EE62E00F94CD
:10EA0000F5F110920602109207021092080210927D
:10EA1000090210920A0210920B0210920C0210923C
:10EA20000D0213C18FE792EE62E00F94F5F18FEEC5
:10EA300090EE60E00F94F5F181E291EE60E00F94CA
:10EA4000C2F187EB91EE60E00F94F5F180E391EE77
:10EA500060E00F94C2F184EE90EE60E00F94F5F167
:10EA60008FE391EE60E00F94C2F186E090E061E008
:10EA700070E00F9434F20F94DCF18DE591EE60E0DC
:10EA80000F94C2F189EC91EE60E00F94F5F18EE401
:10EA900091EE60E00F94C2F183EC91EE60E00F9490
:10EAA000F5F18CE691EE60E00F94C2F18EE10F94E7
:10EAB0000DF288E90F940DF281E00F940DF20F949E
:10EAC000DCF18BE791EE60E00F94C2F119E0E0E039
:10EAD000F0E010935700E4918E2F0F940DF20F94F5
:10EAE000DCF18AE891EE60E00F94C2F1E3E0F0E03F
:10EAF00010935700E4918E2F0F940DF20F94DCF1D8
:10EB000089E991EE60E00F94C2F1E2E0F0E0109349
:10EB10005700E4918E2F0F940DF20F94DCF188EAE8
:10EB200091EE60E00F94C2F1E1E0F0E01093570045
:10EB30001491812F0F940DF20F94DCF107CF8BE825
:10EB400092EE62E00F94F5F18BE492EE60E00F94A8
:10EB5000F5F10F94DCF100E010E019C0C8016F2D51
:10EB60000F947FFEFF2031F489E492EE60E00F9471
:10EB7000C2F10BC0F092C6008091C00086FFFCCFAE
:10EB80008091C00080648093C0000F5F1F4FC80158
:10EB900081519F41A0E0B0E0ABBFFC01F790BAE229
:10EBA000FB1621F0E2E000301E07C1F60F94DCF105
:10EBB0000F94DCF187E592EE60E00F94F5F10F948D
:10EBC000DCF1CC24DD2400E010E01EC0C8010F946D
:10EBD00077FEF82E882331F489E492EE60E00F94FA
:10EBE000C2F10BC08093C6008091C00086FFFCCFAD
:10EBF0008091C00080648093C000FE1419F00894D6
:10EC0000C11CD11C0F5F1F4FC80181519F41A0E063
:10EC1000B0E0ABBFFC01E790FAE2EF1621F022E092
:10EC20000030120799F60F94DCF10F94DCF182E6C4
:10EC300092EE60E00F94C2F1C60161E070E00F94C3
:10EC400034F20F94DCF10F94DCF110920202109276
:10EC50000302109204021092050278CE89E992EE26
:10EC600062E00F94F5F1279A2F9A16C02F9880E052
:10EC700090E0E0EDF7E03197F1F7019684369105E9
:10EC8000C1F72F9A80E090E0E0EDF7E03197F1F7DF
:10EC9000019684369105C1F78091C00087FFE6CFC9
:10ECA0008091C00087FFFCCF64C485EA92EE62E0E9
:10ECB0000F94F5F140910202509103026091040219
:10ECC0007091050281E020E10F9491F2809102029F
:10ECD00090910302A0910402B091050280509F4FD1
:10ECE000AF4FBF4F8093020290930302A0930402A0
:10ECF000B093050280509041A040B04008F426CE69
:10ED0000A4CF83EB92EE62E00F94F5F140910602FE
:10ED100050910702609108027091090280E020E1A1
:10ED20000F9491F28091060290910702A09108023F
:10ED3000B091090280509F4FAF4FBF4F80930602A2
:10ED400090930702A0930802B0930902FFCD80ECD4
:10ED500092EE62E00F94F5F183E792EE60E00F949B
:10ED6000F5F18FE792EE60E00F94F5F18BE892EE0B
:10ED700060E00F94F5F189E992EE60E00F94F5F10F
:10ED800085EA92EE60E00F94F5F183EB92EE60E09D
:10ED90000F94F5F180EC92EE60E00F94F5F187ECC2
:10EDA00092EE60E00F94F5F188ED92EE60E00F9442
:10EDB000F5F18FED92EE60E00F94F5F18AEE92EEB0
:10EDC00060E00F94F5F183E093EEBDCD87EC92EE19
:10EDD00062E00F94F5F181E40F947BF282E40F94EA
:10EDE0007BF283E40F947BF284E40F947BF285E45E
:10EDF0000F947BF286E40F947BF287E40F947BF20E
:10EE000088E40F947BF28AE40F947BF28BE40F94F6
:10EE10007BF28CE40F947BF299CD88ED92EE62E068
:10EE20000F94F5F1772473948824992409C48FED05
:10EE300092EE62E00F94F5F140910A0250910B02BC
:10EE400060910C0270910D0282E020E10F9491F22A
:10EE500080910A0290910B02A0910C02B0910D02D8
:10EE600080509F4FAF4FBF4F80930A0290930B0289
:10EE7000A0930C02B0930D0269CD8AEE92EE62E08F
:10EE80000F94F5F184EE90EE60E00F94F5F18FECC5
:10EE900091EE60E00F94F5F1662477244301CC5D98
:10EEA000DE4F19821882C452D140D401C301B695F5
:10EEB000A79597958795CA5DDE4F88839983AA8326
:10EEC000BB83C652D140CC5DDE4FA881B981C4520C
:10EED000D1401196CC5DDE4FB983A883C452D14096
:10EEE000CD0162E070E00F9434F2B0E2B093C6005E
:10EEF0008091C00086FFFCCF8091C0008064809329
:10EF0000C000EDE2E093C6008091C00086FFFCCF18
:10EF10008091C00080648093C000F0E2F093C6004E
:10EF20008091C00086FFFCCF8091C00080648093F8
:10EF3000C000CA5DDE4FE880F9800A811B81C6529D
:10EF4000D140BB27A12F902F8F2D0F940DF2CA5DBA
:10EF5000DE4F8881C652D1400F940DF2B0E2FB2EF5
:10EF6000F092C6008091C00086FFFCCF8091C00067
:10EF700080648093C0000DE30093C6008091C000C0
:10EF800086FFFCCF8091C00080648093C00010E2B7
:10EF90001093C6008091C00086FFFCCF8091C00016
:10EFA00080648093C0008BBEF3012791C65DDE4F65
:10EFB0002883CA52D140A22EBB24CC24DD2408943D
:10EFC000611C711C811C911C8BBEF3018791282E42
:10EFD0003324442455240894611C711C811C911C09
:10EFE0008BBEF3013791C55DDE4F3883CB52D140E4
:10EFF0000894611C711C811C911C8BBEF30147910C
:10F00000C45DDE4F4883CC52D140ADEFEA2EAFEF66
:10F01000FA2EAFEF0A2FAFEF1A2F6E0C7F1C801E57
:10F02000911E142D032DF22CEE24EA0CFB1C0C1D5A
:10F030001D1D0F940DF220E22093C6008091C000A8
:10F0400086FFFCCF8091C00080648093C000C65DC5
:10F05000DE4F8881CA52D1400F940DF230E23093D6
:10F06000C6008091C00086FFFCCF8091C000806404
:10F070008093C000C45DDE4F8881CC52D1400F9494
:10F080000DF240E24093C6008091C00086FFFCCFA5
:10F090008091C00080648093C000C55DDE4F888190
:10F0A000CB52D1400F940DF250E25093C6008091A4
:10F0B000C00086FFFCCF8091C00080648093C000B8
:10F0C0008FEFE8168FEFF80680E0080780E018075A
:10F0D00031F484E092EE60E00F94C2F1DFC0D80119
:10F0E000C7018070907CA070B0708050904CA040A0
:10F0F000B040D1F52FEF3FE340E050E0E222F322B1
:10F1000004231523CA5DDE4FA880B980CA80DB8046
:10F11000C652D140AE0CBF1CC01ED11EAA0CBB1CD7
:10F12000CC1CDD1C8EE092EE60E00F94C2F1BB2798
:10F13000A12F902F8F2D0F940DF28E2D0F940DF285
:10F1400030E23093C6008091C00086FFFCCF8091F2
:10F15000C00080648093C0004EE34093C60080915D
:10F16000C00086FFFCCF87C08EE09EEFA0E0B0E03D
:10F17000E822F9220A231B239CE0E91694E9F90608
:10F1800090E0090790E0190709F088C0C45DDE4FE0
:10F19000A881CC52D140EA2EFF2400E010E0102FCD
:10F1A0000F2DFE2CEE24C55DDE4FB881CB52D14031
:10F1B000EB0EF11C011D111DD601C501817090706F
:10F1C000A070B070DC0199278827E80EF91E0A1F8D
:10F1D0001B1F20EF30E040E050E0A222B322C42207
:10F1E000D52241E1AA0CBB1CCC1CDD1C4A95D1F7F1
:10F1F000EA0CFB1C0C1D1D1D81E090E0A0E0B0E0BE
:10F20000282239224A225B2235E1220C331C441C7D
:10F21000551C3A95D1F7E20CF31C041D151D57013E
:10F220006801AA0CBB1CCC1CDD1C85E192EE60E0E1
:10F230000F94C2F1C801AA27BB270F940DF2BB2778
:10F24000A12F902F8F2D0F940DF28E2D0F940DF274
:10F2500090E29093C6008091C00086FFFCCF809121
:10F26000C00080648093C000AEE3A093C60080918C
:10F27000C00086FFFCCF8091C00080648093C000F6
:10F28000C601AA27BB270F940DF2BB27AD2D9C2DDD
:10F290008B2D0F940DF28A2D0F940DF20F94DCF14B
:10F2A000CC5DDE4FE881F981C452D140F99709F471
:10F2B0004DCBF4E0EF2EF12C012D112D6E0C7F1CA7
:10F2C000801E911EF2CD83E093EE62E00F94F5F183
:10F2D0008AE192EE60E00F94C2F18091C00087FF56
:10F2E000FCCF1091C6001F751093C6008091C0001E
:10F2F00086FFFCCF8091C00080648093C0000F9493
:10F30000DCF1812F81548A3108F036C1163409F4BA
:10F3100095C0173490F4133409F44EC0143430F40B
:10F320001134F1F0123409F01DC130C0143409F465
:10F3300059C0153409F016C16BC01A3409F4C4C0A1
:10F340001B3438F4173409F48FC0183409F00AC19B
:10F35000A1C01B3409F4D2C01C3409F003C1E8C0B9
:10F360008FEF81B90DC082B1809582B980E090E0C5
:10F37000E0EDF7E03197F1F70196883C9105C1F790
:10F380008091C00087FFEFCF12B8EFC08FEF84B934
:10F390000DC085B1809585B980E090E0E0EDF7E0A3
:10F3A0003197F1F70196883C9105C1F78091C00033
:10F3B00087FFEFCF15B8D9C08FEF87B90DC088B1DF
:10F3C000809588B980E090E0E0EDF7E03197F1F7C3
:10F3D0000196883C9105C1F78091C00087FFEFCF6F
:10F3E00018B8C3C08FEF8AB90DC08BB180958BB9A7
:10F3F00080E090E0E0EDF7E03197F1F70196883C8E
:10F400009105C1F78091C00087FFEFCF1BB8ADC059
:10F410008FEF8DB90DC08EB180958EB980E090E0F0
:10F42000E0EDF7E03197F1F70196883C9105C1F7DF
:10F430008091C00087FFEFCF1EB897C08FEF80BBD1
:10F440000DC081B3809581BB80E090E0E0EDF7E0F6
:10F450003197F1F70196883C9105C1F78091C00082
:10F4600087FFEFCF11BA81C08FEF83BB0DC084B38C
:10F47000809584BB80E090E0E0EDF7E03197F1F714
:10F480000196883C9105C1F78091C00087FFEFCFBE
:10F4900014BA6BC08FEF809301010FC080910201FD
:10F4A00080958093020180E090E0E0EDF7E03197F5
:10F4B000F1F70196883C9105C1F78091C00087FF64
:10F4C000EDCF1092020151C08FEF809304010FC065
:10F4D0008091050180958093050180E090E0E0ED4A
:10F4E000F7E03197F1F70196883C9105C1F78091DB
:10F4F000C00087FFEDCF1092050137C08FEF8093DA
:10F5000007010FC08091080180958093080180E079
:10F5100090E0E0EDF7E03197F1F70196883C910536
:10F52000C1F78091C00087FFEDCF109208011DC088
:10F530008FEF80930A010FC080910B01809580931B
:10F540000B0180E090E0E0EDF7E03197F1F70196F4
:10F55000883C9105C1F78091C00087FFEDCF1092E4
:10F560000B0103C085E292EEEEC98091C00087FFD7
:10F57000FCCF8091C600EAC988E392EEE4C98CE131
:10F5800091EEE1C988249924933011F1943028F444
:10F59000913089F09230B8F408C0953061F195301F
:10F5A000F0F0963009F048C043C02B3109F042C951
:10F5B00091E06BE13FC96227C15DDE4F2883CF52E6
:10F5C000D14092E037C9B22FA0E0622793E032C960
:10F5D000822F90E0A82BB92B622794E02BC92E3004
:10F5E00009F039C3622795E0C05DDE4F19821882A9
:10F5F000C053D1401FC9E1E0F0E0EC0FFD1FC05D3A
:10F60000DE4F08811981C053D140E00FF11F2083E4
:10F610000F5F1F4FC05DDE4F19830883C053D14079
:10F6200062270A171B0709F005C9D80196E002C92D
:10F63000261709F010C303C0973009F0FBC87724E0
:10F640009981933109F412C19431C8F4963009F4C8
:10F65000D8C0973050F4923009F406C1933009F4C1
:10F660006DC0913009F059C253C0913109F477C08F
:10F67000923108F0BBC0903109F04FC2F5C098310B
:10F6800009F487C0993150F4953109F4EFC09531F0
:10F6900008F4C6C1963109F040C2C2C19A3109F4DA
:10F6A0006CC09A3108F491C09B3109F45BC09D3164
:10F6B00009F033C29D81903359F48F81882311F46E
:10F6C0009EE11CC0813011F091E018C098E916C08D
:10F6D000892F807591F0903539F4E0E0F0E089E011
:10F6E0008093570094910AC0983539F4E3E0F0E034
:10F6F00089E080935700949101C090E01A821B82A8
:10F700008D818C831D829E831F8227E030E009C299
:10F710001A8288E08B8381E48C8386E58D8382E581
:10F720008E8389E48F8383E5888780E589878FE5E9
:10F730008A8782E38B872BE030E0F3C18A818139AD
:10F7400041F0823941F0803911F48FE005C080E04A
:10F7500003C082E001C08AE01A828B8344C0772410
:10F76000739482C08D81882311F48EE12CC0813086
:10F7700011F081E028C088E926C01A82E1E0F0E0BB
:10F7800089E08093570084918B831C8224E030E0D1
:10F79000C8C18B81803589F48C81883039F4E2E0EE
:10F7A000F0E089E08093570084910DC0E0E0F0E044
:10F7B00089E080935700849106C0E3E0F0E089E09F
:10F7C0008093570084911A82DFCF8D81836C99E0FA
:10F7D000E1E0F0E0082E90935700E89507B600FCB2
:10F7E000FDCF1A821B8223E030E09BC180EC8A832C
:10F7F000CE5CDE4F188219821A821B82C253D1401E
:10F800008EC18A8190E0A0E0B0E0582F44273327D2
:10F8100022278B8190E0A0E0B0E0DC0199278827C7
:10F82000282B392B4A2B5B2B8D8190E0A0E0B0E098
:10F83000282B392B4A2B5B2B8C8190E0A0E0B0E089
:10F84000BA2FA92F982F8827282B392B4A2B5B2BCF
:10F85000220F331F441F551FC05EDE4F288339839C
:10F860004A835B83C052D1401A8259C13A81C95C34
:10F87000DE4F3883C753D140CA5CDE4F1882C6536F
:10F88000D1408B81C82EDD24CA5CDE4F488159816E
:10F89000C653D140C42AD52A933109F082C0CE5C28
:10F8A000DE4F88819981AA81BB81C253D1408050AB
:10F8B000904CA340B04030F583E0CE5CDE4FE88052
:10F8C000F9800A811B81C253D140F70100935B008C
:10F8D00080935700E89507B600FCFDCFCE5CDE4F65
:10F8E000088119812A813B81C253D14000501F4FAA
:10F8F0002F4F3F4FCE5CDE4F088319832A833B8313
:10F90000C253D140C05EDE4F488159816A817B81FC
:10F91000C052D140DE011B9631E08C9111962C91A2
:10F9200011971296C75CDE4F2883C953D140C85C3B
:10F93000DE4F1882C853D14090E0C85CDE4FE881AA
:10F94000F981C853D1408E2B9F2B0C01FA01609393
:10F950005B0030935700E89511244E5F5F4F6F4F67
:10F960007F4F0EEFE02E0FEFF02ECE0CDF1CC114F8
:10F97000D10499F685E0C05EDE4F088119812A81A5
:10F980003B81C052D140F80120935B008093570027
:10F99000E89507B600FCFDCF81E180935700E8951C
:10F9A00035C0C05EDE4F88819981AA81BB81C0527B
:10F9B000D140B695A795979587957C018601ABE0D8
:10F9C000AA2EB12CAC0EBD1E0BC0D5016D915D01F0
:10F9D000C7010F947FFE0894E11CF11C01501040F8
:10F9E0000115110591F7A60160E070E0440F551F65
:10F9F000661F771FC05EDE4FE880F9800A811B8199
:10FA0000C052D1404E0D5F1D601F711F1A82C05E33
:10FA1000DE4F488359836A837B83C052D1407FC0C5
:10FA2000FA80C55CDE4FF882CB53D140C65CDE4F16
:10FA30001882CA53D1408B81C82EDD24C65CDE4FAC
:10FA400008811981CA53D140C02AD12A1A828981DA
:10FA5000BE016D5F7F4F843121F59601C05EDE4FA0
:10FA6000E880F9800A811B81C052D1400BBFF701A9
:10FA700087919691DB018C9311969C936E5F7F4FDB
:10FA8000D801C7010296A11DB11DC05EDE4F88835B
:10FA90009983AA83BB83C052D14022503040F1F6F3
:10FAA00036C0C05EDE4F288139814A815B81C052F9
:10FAB000D1400894C108D108760100E010E0089414
:10FAC000C11CD11C0894E11CF11C011D111DE20E8A
:10FAD000F31E041F151F21BDBB27A52F942F832FB5
:10FAE00082BD2F5F3F4F4F4F5F4FF89A80B5DB01CC
:10FAF0008D93BD012E153F054007510761F7C05E8C
:10FB0000DE4F288339834A835B83C052D1409601FC
:10FB10002D5F3F4FFB01108204C080EC8A8322E0FE
:10FB200030E08BE18093C6008091C00086FFFCCF5F
:10FB30008091C00080648093C000C15DDE4FF88179
:10FB4000CF52D140F093C6008091C00086FFFCCF19
:10FB50008091C00080648093C000432F3093C60022
:10FB60008091C00086FFFCCF8091C00080648093AC
:10FB7000C000922F2093C6008091C00086FFFCCF6A
:10FB80008091C00080648093C0008EE08093C600A6
:10FB90008091C00086FFFCCF8091C000806480937C
:10FBA000C00065E1C15DDE4FE880CF52D1406E25D7
:10FBB00069276427FE01319610C090819093C6009A
:10FBC0008091C00086FFFCCF31968091C000806498
:10FBD0008093C0006927215030402115310569F715
:10FBE0006093C6008091C00086FFFCCF8091C0006A
:10FBF00080648093C00085B1805885B9772081F4F6
:10FC0000C15DDE4F0881CF52D1400F5FC15DDE4F35
:10FC10000883CF52D14090E0A0E0B0E00D941AF4F8
:10FC200027982F9880E090E020ED37E0F901319798
:10FC3000F1F7019684369105C9F700008091C00064
:10FC40008D7F8093C00081E180935700E895EE2777
:10FC5000FF270994FFCF90E00D941AF497FB092E2B
:10FC600007260AD077FD04D02ED006D000201AF443
:10FC7000709561957F4F0895F6F7909581959F4F08
:10FC80000895A1E21A2EAA1BBB1BFD010DC0AA1FDD
:10FC9000BB1FEE1FFF1FA217B307E407F50720F0F5
:10FCA000A21BB30BE40BF50B661F771F881F991F70
:10FCB0001A9469F760957095809590959B01AC01B9
:10FCC000BD01CF010895AA1BBB1B51E107C0AA1FAC
:10FCD000BB1FA617B70710F0A61BB70B881F991FED
:10FCE0005A95A9F780959095BC01CD010895F99991
:10FCF000FECF92BD81BDF89A992780B50895262F31
:10FD0000F999FECF1FBA92BD81BD20BD0FB6F89400
:0EFD1000FA9AF99A0FBE01960895F894FFCF63
:00000001FF
